Gene,Cluster
hsa:8313,83
hsa:3823,83
hsa:81,2
hsa:54490,17
hsa:409,24
hsa:4007,24
hsa:956,73
hsa:7453,30
hsa:53944,28
hsa:55624,28
hsa:64223,12
hsa:224,24
hsa:3078,27
hsa:51382,27
cpd:C07600,28
hsa:23600,89
hsa:8801,47
hsa:56261,44
path:map00710,12
hsa:9170,8
hsa:3655,5
hsa:80271,2
hsa:1610,35
hsa:8994,11
hsa:50511,14
hsa:495,2
hsa:6198,23
hsa:29082,51
hsa:7448,44
hsa:4041,44
hsa:8844,54
hsa:137075,3
hsa:100288814,16
hsa:378708,89
hsa:59341,54
hsa:51807,2
hsa:3552,6
hsa:3305,71
hsa:22928,8
hsa:3066,25
hsa:2057,43
hsa:146433,53
hsa:58484,24
hsa:79054,44
hsa:8995,11
hsa:23553,2
hsa:406951,18
hsa:56475,18
hsa:1606,44
hsa:5159,45
hsa:29851,32
hsa:8742,2
hsa:64101,18
hsa:5144,13
hsa:3632,3
hsa:407045,36
hsa:10131,18
hsa:4976,10
hsa:30849,10
hsa:6697,17
hsa:154141,71
hsa:10380,6
cpd:C01074,64
hsa:2911,23
hsa:2487,8
hsa:5087,46
hsa:80201,83
hsa:1730,83
hsa:4499,42
hsa:8321,2
hsa:2261,38
hsa:283358,38
hsa:27429,30
hsa:55301,30
hsa:4624,91
hsa:103,14
hsa:406883,38
hsa:9197,38
hsa:84971,8
hsa:9902,18
hsa:5997,47
hsa:116,18
hsa:578,13
hsa:1459,13
hsa:2571,0
hsa:81631,89
hsa:3126,44
hsa:57492,3
hsa:7407,89
hsa:496,91
hsa:669,24
hsa:858,44
cpd:C22539,88
hsa:83549,23
hsa:9615,28
hsa:2619,31
hsa:1512,27
hsa:125981,14
hsa:2618,3
hsa:10476,27
hsa:2026,89
hsa:25973,0
hsa:51246,10
hsa:3174,68
hsa:55191,10
hsa:10376,10
hsa:8536,3
hsa:6434,11
hsa:914,39
hsa:6588,23
hsa:7498,72
hsa:9677,3
hsa:5080,23
hsa:30835,6
hsa:143686,6
hsa:489,83
cpd:C21483,31
hsa:9,1
hsa:4615,8
hsa:64115,25
cpd:C05965,53
hsa:55509,27
hsa:683,43
hsa:50807,27
hsa:142680,24
hsa:5592,44
hsa:4217,47
hsa:808,42
hsa:7090,34
hsa:71,24
hsa:116986,3
cpd:C00130,81
hsa:2780,65
hsa:3356,31
hsa:5288,31
hsa:83706,41
hsa:10297,31
hsa:1870,91
hsa:8435,3
hsa:79778,43
hsa:3812,9
hsa:3551,18
hsa:54795,10
hsa:26330,10
hsa:6752,76
hsa:348158,76
hsa:2806,18
hsa:5494,13
hsa:7976,28
hsa:60481,5
hsa:10097,44
hsa:79465,3
cpd:C07056,64
hsa:941,74
hsa:1160,13
hsa:8560,62
hsa:2673,29
hsa:5598,29
hsa:29086,7
hsa:154064,51
dr:D06238,89
hsa:3309,8
hsa:132884,25
hsa:117581,3
hsa:1994,23
hsa:171389,2
hsa:3576,2
hsa:6659,43
hsa:3912,3
hsa:201633,23
hsa:4919,35
hsa:50814,35
hsa:84002,74
hsa:887,35
hsa:5733,51
hsa:5506,68
hsa:2005,27
hsa:1673,0
hsa:2355,89
hsa:9868,24
hsa:4580,47
hsa:4939,10
cpd:C13051,18
hsa:7388,41
hsa:6263,29
hsa:406980,20
hsa:4141,35
hsa:54600,43
hsa:6543,27
hsa:4248,41
hsa:5295,41
hsa:9087,5
hsa:6569,28
hsa:5063,84
hsa:3002,24
hsa:5771,13
hsa:245973,18
hsa:79147,24
hsa:9246,91
hsa:64419,91
hsa:100506658,76
hsa:3122,24
hsa:7086,18
hsa:7329,43
hsa:3667,87
hsa:4923,23
hsa:54963,31
hsa:146,31
hsa:2165,26
hsa:317749,24
hsa:54995,31
hsa:4191,31
hsa:4792,13
hsa:1191,23
hsa:375775,88
hsa:155066,3
hsa:2556,9
hsa:6385,24
hsa:643847,83
hsa:1629,27
hsa:7039,13
hsa:26007,55
hsa:629,8
hsa:138199,45
hsa:1562,2
hsa:90665,38
hsa:51497,18
hsa:2997,43
hsa:150084,4
hsa:3297,35
hsa:7472,0
hsa:160428,2
hsa:5818,38
hsa:6374,31
hsa:2846,58
hsa:3570,91
hsa:7220,91
hsa:3456,29
hsa:324,29
hsa:8936,83
hsa:3284,83
hsa:974,13
hsa:2181,11
hsa:406887,30
hsa:5286,13
hsa:2959,3
hsa:4660,24
hsa:9926,51
hsa:29956,91
hsa:7423,13
hsa:80142,68
hsa:4716,68
hsa:5525,10
hsa:1020,27
cpd:C00681,13
hsa:5585,0
hsa:90427,55
hsa:57486,35
path:map07034,13
hsa:7424,91
hsa:5609,13
hsa:3439,62
gl:G13106,29
hsa:1591,29
hsa:406909,13
hsa:1375,3
hsa:91860,36
hsa:8874,18
hsa:8031,18
hsa:8739,18
hsa:4775,7
hsa:4929,10
hsa:200959,18
hsa:10788,14
hsa:4720,24
hsa:1840,31
hsa:733,31
hsa:3758,10
hsa:1571,76
hsa:80319,88
hsa:4609,78
hsa:3574,35
hsa:1141,28
hsa:54468,31
hsa:1613,7
hsa:57026,91
hsa:2931,7
hsa:933,76
hsa:10327,91
hsa:10332,38
hsa:142,16
hsa:8408,36
hsa:4853,23
hsa:64802,8
cpd:C02110,25
hsa:284,91
hsa:6416,35
path:map00460,71
hsa:5104,7
hsa:54575,62
hsa:9641,14
hsa:57620,38
dr:D01977,11
hsa:8027,24
hsa:6009,44
hsa:1173,48
hsa:8897,25
hsa:64837,28
hsa:6391,0
hsa:22865,3
hsa:6820,24
hsa:1719,13
hsa:1595,8
hsa:248,68
path:map00905,23
hsa:962,24
hsa:138050,17
hsa:1743,2
hsa:27090,65
hsa:2766,65
hsa:27092,3
hsa:55811,15
hsa:166929,15
hsa:434,41
hsa:10434,3
hsa:80230,91
hsa:3993,2
hsa:8647,24
hsa:219931,31
hsa:6907,10
hsa:64399,10
hsa:1508,31
hsa:55818,31
hsa:1056,25
cpd:C01245,18
hsa:53373,38
hsa:38,13
hsa:868,25
hsa:894,24
hsa:5976,18
hsa:10266,72
hsa:5631,23
hsa:55157,18
hsa:54511,30
hsa:55742,27
hsa:9466,5
hsa:79671,15
hsa:947,35
hsa:9569,65
hsa:3718,13
hsa:222,8
hsa:5594,25
cpd:C00076,23
hsa:3612,27
hsa:3107,62
hsa:2203,44
hsa:80310,44
hsa:2641,3
hsa:1585,11
hsa:64127,17
hsa:27294,17
hsa:3625,71
hsa:55207,2
hsa:2936,18
hsa:22845,18
hsa:186,13
hsa:1213,83
hsa:8131,8
hsa:27165,27
hsa:4012,27
hsa:3680,14
hsa:2339,18
hsa:55964,13
hsa:51365,23
hsa:859,3
cpd:C00762,7
hsa:4496,85
hsa:57176,72
hsa:517,88
hsa:5133,10
hsa:10109,23
hsa:1454,18
hsa:8863,2
hsa:8471,35
hsa:22936,53
hsa:54541,23
hsa:3053,7
hsa:5315,20
hsa:64764,64
hsa:23028,64
hsa:637,18
hsa:797,8
hsa:6484,25
hsa:554235,18
hsa:115650,13
hsa:1572,13
hsa:7367,41
hsa:374875,38
hsa:7064,27
hsa:64768,2
hsa:9420,13
hsa:54766,35
hsa:3586,29
hsa:83700,29
hsa:773,91
hsa:1813,15
hsa:87,7
hsa:54518,19
hsa:4842,35
hsa:9254,72
hsa:2268,71
cpd:C06254,7
hsa:2687,51
hsa:6383,24
hsa:2539,2
hsa:4629,7
hsa:318,27
hsa:7128,2
hsa:5734,24
hsa:8911,27
hsa:1509,35
hsa:406923,2
hsa:3764,46
hsa:9560,46
path:map00904,91
hsa:3033,74
hsa:406953,74
hsa:1379,10
hsa:1027,75
hsa:999,91
hsa:1050,67
hsa:57680,83
hsa:6403,83
hsa:9474,19
hsa:9945,14
hsa:7442,72
hsa:9468,88
hsa:3265,87
hsa:5214,78
hsa:54675,91
hsa:4684,91
hsa:4793,88
hsa:410,45
cpd:C00290,91
hsa:112399,13
hsa:5509,3
hsa:2697,3
hsa:4087,2
hsa:51094,39
hsa:406895,14
hsa:3673,27
hsa:8698,44
hsa:8607,44
hsa:51384,3
hsa:2979,24
hsa:10720,43
hsa:4854,6
hsa:80228,6
hsa:5829,68
hsa:1439,10
cpd:C00280,16
hsa:5145,89
hsa:7316,51
hsa:831,31
hsa:652968,7
hsa:8681,20
hsa:10383,43
hsa:1908,39
hsa:574484,53
hsa:6095,12
hsa:8854,38
cpd:C16510,62
cpd:C02465,43
hsa:2053,11
hsa:3839,24
cpd:C03780,10
hsa:10905,68
hsa:7311,0
hsa:23761,45
hsa:9060,6
hsa:1777,27
hsa:7534,34
hsa:2864,17
hsa:81858,24
hsa:339896,91
hsa:81671,91
hsa:1586,26
hsa:1815,27
hsa:1958,28
hsa:4651,43
hsa:8200,41
hsa:551,7
hsa:29954,15
hsa:2617,24
hsa:6502,63
hsa:2033,74
hsa:1312,62
hsa:84617,66
hsa:7278,90
hsa:57216,68
hsa:613,39
hsa:354,5
hsa:1432,43
hsa:247,24
hsa:2572,2
hsa:29922,78
hsa:8372,10
hsa:22900,10
hsa:407044,42
cpd:C13050,38
cpd:C20971,38
hsa:26528,29
hsa:10254,29
hsa:727897,8
hsa:51079,39
hsa:79728,24
hsa:138429,89
hsa:6597,16
hsa:23395,30
hsa:10654,4
hsa:25796,16
hsa:490,89
hsa:23418,14
hsa:92,30
hsa:127829,23
hsa:1535,29
hsa:3312,87
hsa:4047,35
hsa:5788,35
hsa:9368,29
hsa:995,44
hsa:238,23
hsa:65082,41
hsa:2328,2
hsa:11343,24
hsa:190,27
cpd:C00942,35
hsa:2239,14
hsa:890,78
hsa:994,83
hsa:2799,42
hsa:132,70
hsa:7920,2
hsa:406949,53
hsa:29920,28
hsa:3109,28
hsa:9162,83
hsa:29895,83
hsa:9601,48
hsa:4286,54
hsa:7410,23
hsa:3706,88
hsa:55315,20
cpd:C00044,77
hsa:2978,41
hsa:7201,23
hsa:79660,18
hsa:59285,43
hsa:7169,31
hsa:2783,27
hsa:2149,13
hsa:4245,23
hsa:442910,68
cpd:C00035,38
hsa:1608,38
path:hsa00190,35
hsa:1847,83
hsa:730,44
hsa:1436,76
hsa:10948,76
hsa:9051,2
hsa:51181,27
hsa:3604,83
hsa:1869,29
hsa:151449,52
hsa:4843,27
hsa:5573,28
hsa:83734,78
hsa:54361,35
hsa:4705,43
hsa:64689,88
hsa:10207,37
hsa:51209,5
hsa:5010,88
hsa:5091,68
hsa:84699,23
hsa:27342,8
hsa:1844,23
hsa:80055,88
hsa:10449,18
hsa:89780,20
hsa:221823,30
hsa:83447,51
hsa:2767,21
hsa:3948,65
hsa:8565,51
hsa:5188,72
hsa:60485,43
hsa:55970,8
hsa:2581,44
hsa:2651,13
hsa:63940,8
hsa:7414,83
hsa:2917,83
hsa:4772,70
hsa:627,70
cpd:C04805,55
hsa:6237,24
hsa:3845,89
hsa:581,91
hsa:164284,68
hsa:1495,16
hsa:1111,5
hsa:407016,78
hsa:407032,88
hsa:5932,35
hsa:5566,31
hsa:3418,13
hsa:1373,30
hsa:10159,14
hsa:652,39
hsa:4261,15
hsa:1890,83
hsa:2562,43
hsa:9894,66
hsa:55967,81
hsa:961,38
hsa:9817,0
hsa:3441,53
hsa:6603,27
hsa:2688,15
hsa:55012,23
hsa:1364,14
cpd:C03262,52
hsa:5624,43
hsa:2982,65
hsa:441531,8
hsa:22801,8
hsa:4137,32
hsa:3171,32
hsa:5257,42
hsa:6932,8
hsa:55615,31
hsa:4988,56
hsa:5879,91
hsa:3663,3
hsa:6307,45
hsa:91,64
hsa:7364,24
hsa:801,67
hsa:6196,68
hsa:9230,10
hsa:116442,35
hsa:1442,41
hsa:59272,29
hsa:8692,29
hsa:7471,7
hsa:8550,76
hsa:861,31
hsa:2740,31
path:hsa00480,71
hsa:57134,7
hsa:840,16
hsa:4600,18
hsa:8821,31
hsa:10211,31
hsa:8826,83
hsa:3897,42
hsa:3420,27
hsa:406928,2
hsa:10645,39
hsa:11026,31
hsa:127,14
hsa:7018,13
hsa:4311,27
hsa:3929,31
hsa:65258,18
hsa:4759,10
hsa:10767,35
hsa:6368,2
hsa:553,49
hsa:8760,5
cpd:C21279,27
hsa:2528,29
hsa:5867,3
hsa:56288,68
hsa:10451,71
hsa:7307,88
hsa:284217,86
hsa:6712,39
hsa:22871,36
hsa:55300,24
hsa:391013,24
hsa:2023,24
hsa:54894,30
hsa:144193,30
cpd:C00369,68
path:map00680,17
hsa:54577,54
hsa:7083,23
path:hsa00604,24
hsa:59067,85
hsa:270,65
hsa:10092,53
hsa:9821,19
hsa:2248,16
hsa:8529,3
hsa:5601,13
hsa:111,25
hsa:27125,89
hsa:7365,74
cpd:C00195,18
hsa:1258,35
path:map00902,2
hsa:84649,16
hsa:2122,38
hsa:10110,27
hsa:200186,2
hsa:4359,13
hsa:93589,23
hsa:112714,7
hsa:7846,7
hsa:3600,28
hsa:4637,88
hsa:5606,20
hsa:522,58
hsa:3326,31
hsa:10892,61
hsa:7099,31
hsa:1524,75
hsa:4719,27
hsa:534,83
hsa:4598,11
hsa:2710,78
hsa:117145,2
hsa:27091,28
hsa:10411,13
hsa:665,18
hsa:8881,87
hsa:189,51
hsa:169355,49
hsa:811,20
hsa:9470,5
hsa:440567,5
hsa:3778,18
hsa:4352,31
hsa:27124,42
hsa:58510,11
cpd:C03990,2
hsa:7456,78
hsa:5298,22
hsa:196883,18
hsa:51060,38
hsa:51806,27
hsa:3020,23
hsa:27128,91
hsa:2218,41
hsa:115201,6
cpd:C22540,3
hsa:108,35
hsa:406912,2
hsa:48,17
hsa:158,76
hsa:3449,18
hsa:102800317,18
hsa:2204,88
hsa:1548,41
hsa:27035,0
hsa:94235,0
gl:G13063,41
hsa:50,24
hsa:79966,56
hsa:5602,31
hsa:3161,7
hsa:4696,87
hsa:199713,0
hsa:10014,26
hsa:6548,22
hsa:79092,74
hsa:4688,23
hsa:2180,91
hsa:8794,51
hsa:2912,14
hsa:911,22
hsa:10482,3
hsa:8564,88
hsa:6366,43
hsa:3808,0
hsa:8678,72
cpd:C00025,45
hsa:5142,7
hsa:953,27
hsa:3361,18
hsa:3080,35
cpd:C00080,73
hsa:5562,14
hsa:51529,91
hsa:29896,27
hsa:3597,68
hsa:22929,68
hsa:123099,53
hsa:51311,54
hsa:5861,72
hsa:3480,24
hsa:25902,13
hsa:10319,46
hsa:124454,51
hsa:1896,29
hsa:5648,2
hsa:1029,18
hsa:55515,78
hsa:8912,5
cpd:C03758,76
hsa:90423,74
hsa:8074,23
hsa:125061,20
hsa:7478,87
hsa:81839,27
hsa:9104,43
hsa:6616,30
hsa:3270,65
hsa:120227,78
hsa:114879,31
path:hsa00600,91
cpd:C05966,18
hsa:7430,13
hsa:955,62
hsa:10498,18
cpd:C00951,35
cpd:C00144,78
hsa:152138,29
hsa:4060,29
hsa:5170,10
hsa:29126,68
hsa:388372,91
hsa:7297,28
hsa:3824,10
hsa:805,72
hsa:139341,7
hsa:4190,76
hsa:3043,35
path:hsa00511,38
hsa:9489,38
hsa:140465,71
hsa:3055,71
hsa:1633,49
hsa:2066,2
hsa:4035,17
hsa:57105,17
cpd:C03379,53
hsa:9899,87
hsa:2054,28
hsa:9882,10
hsa:256435,67
hsa:7096,91
hsa:1788,66
hsa:685,39
hsa:2935,64
hsa:10241,17
cpd:C00535,17
hsa:9350,7
cpd:C00551,78
hsa:23291,35
hsa:256076,39
hsa:523,87
hsa:392255,43
hsa:5831,5
cpd:C05151,78
hsa:1638,30
hsa:1390,71
hsa:5213,89
hsa:3565,54
hsa:50649,54
hsa:123876,71
hsa:3930,17
hsa:64170,9
hsa:23410,31
hsa:4247,91
cpd:C14818,31
hsa:406982,31
hsa:6279,35
path:hsa00010,2
hsa:50964,91
hsa:22978,27
hsa:3399,38
hsa:781,7
hsa:147,89
hsa:9748,41
hsa:3766,71
cpd:C00219,28
hsa:8411,7
hsa:4342,0
hsa:56302,43
hsa:10488,23
hsa:8853,89
hsa:51744,67
hsa:406891,39
hsa:940,3
hsa:6583,10
hsa:2769,50
cpd:C00464,68
hsa:7431,18
hsa:406948,31
hsa:54884,58
hsa:284958,39
hsa:10678,2
hsa:81929,52
hsa:23171,87
hsa:84152,45
hsa:3592,45
hsa:824,67
hsa:6382,71
hsa:1643,72
hsa:53343,20
hsa:10368,72
cpd:C07593,51
hsa:915,2
hsa:4086,30
hsa:100132074,27
hsa:23417,43
hsa:2158,1
hsa:1133,1
hsa:1119,72
hsa:5465,23
hsa:84620,24
hsa:3598,78
hsa:529,89
hsa:8622,53
hsa:387787,74
path:hsa00565,72
hsa:149461,9
hsa:56603,18
cpd:C00072,14
hsa:8718,16
hsa:23414,32
hsa:5580,41
hsa:6240,1
hsa:9626,24
hsa:406938,35
hsa:2730,56
hsa:4486,56
hsa:27329,35
hsa:971,66
hsa:115727,24
hsa:1816,90
hsa:23438,76
hsa:3707,5
hsa:348,49
hsa:4791,27
hsa:3073,23
hsa:3931,88
hsa:57186,18
hsa:3831,71
hsa:6857,16
hsa:51585,31
hsa:7436,71
hsa:8443,71
hsa:492,78
hsa:1073,13
hsa:11073,42
hsa:4704,31
hsa:960,10
hsa:26986,89
hsa:65018,89
hsa:1147,35
hsa:58476,2
hsa:9517,23
hsa:407024,2
hsa:398,39
hsa:3784,9
hsa:2167,32
hsa:2495,7
hsa:52,76
hsa:3727,76
hsa:3135,3
hsa:5329,44
hsa:2318,31
hsa:5587,31
hsa:283455,46
hsa:10683,46
hsa:7474,54
hsa:27086,11
dr:D00842,24
hsa:27101,87
hsa:3759,78
hsa:9896,89
hsa:406881,2
hsa:608,6
hsa:122809,71
hsa:84433,78
hsa:119548,72
hsa:10555,43
hsa:117,91
hsa:4713,16
hsa:83660,40
hsa:27006,56
hsa:9446,5
hsa:3000,2
hsa:695,27
hsa:1259,10
hsa:3091,88
hsa:5152,38
hsa:815,31
hsa:84274,43
hsa:2244,72
hsa:5881,72
hsa:23659,2
hsa:841,35
hsa:80380,37
hsa:4055,37
hsa:10718,75
hsa:716,83
hsa:795,31
hsa:54331,53
hsa:8525,53
hsa:3654,31
hsa:5994,31
hsa:92597,90
hsa:2877,18
hsa:6199,14
hsa:53632,10
cpd:C00350,10
path:hsa00740,71
hsa:406889,39
hsa:6295,7
hsa:203,19
hsa:217,14
hsa:7293,59
cpd:C00122,19
hsa:406999,17
hsa:5519,79
hsa:140,79
hsa:3804,0
hsa:4360,16
hsa:51330,18
hsa:10162,19
hsa:2177,51
hsa:528,36
hsa:83937,36
hsa:3158,3
hsa:4543,65
hsa:8898,28
hsa:5832,31
cpd:C00469,13
hsa:80824,45
hsa:3164,14
path:map00909,4
hsa:645974,15
hsa:4902,33
hsa:26279,53
hsa:8878,14
hsa:154796,2
hsa:56848,51
hsa:58472,82
hsa:57494,67
hsa:3577,21
hsa:8767,46
hsa:55750,24
hsa:9588,31
hsa:10686,44
hsa:80237,13
hsa:1263,31
hsa:27068,39
hsa:7385,45
cpd:C16547,45
hsa:105180391,68
hsa:2564,10
hsa:51266,31
hsa:1944,38
hsa:6783,38
hsa:26281,88
hsa:80834,74
hsa:1491,6
hsa:10269,2
hsa:51534,88
hsa:51422,71
hsa:4036,71
hsa:4864,31
hsa:5600,15
hsa:3177,41
hsa:3561,39
hsa:3791,28
path:hsa00534,46
hsa:2729,17
hsa:1954,14
hsa:4799,52
hsa:23048,3
cpd:C01921,91
hsa:79603,35
hsa:7357,72
hsa:4879,83
hsa:9227,61
hsa:5578,14
hsa:8351,64
hsa:5328,64
hsa:643246,15
hsa:1942,46
hsa:154807,23
hsa:100132285,71
hsa:406956,83
hsa:1374,24
hsa:7298,40
hsa:9583,64
hsa:5778,8
hsa:119504,28
hsa:4920,28
hsa:6469,23
hsa:5216,7
hsa:26119,7
hsa:115,88
hsa:7170,10
hsa:1388,74
hsa:3074,88
hsa:7417,10
gl:G13112,2
hsa:284716,0
hsa:1544,91
hsa:1592,72
hsa:5501,88
hsa:8513,78
hsa:472,43
hsa:462,8
hsa:7855,62
hsa:5476,54
hsa:246,54
hsa:6810,62
cpd:C20171,14
hsa:8503,31
hsa:2002,31
hsa:6517,78
hsa:5062,62
hsa:4312,38
hsa:6309,38
hsa:54566,31
hsa:8942,54
hsa:5741,54
hsa:54947,6
hsa:2998,10
hsa:100271927,27
hsa:112755,27
hsa:23118,89
hsa:122011,1
hsa:100132463,91
hsa:407008,45
hsa:3762,32
hsa:3021,13
hsa:8452,68
hsa:3840,91
hsa:593,58
hsa:481,28
hsa:3682,31
hsa:79731,70
hsa:79087,2
hsa:79718,14
hsa:10423,31
hsa:3440,31
hsa:4722,87
hsa:6915,87
hsa:406900,18
hsa:338382,14
hsa:6097,28
hsa:1854,10
hsa:391,10
hsa:4711,56
hsa:84284,1
hsa:23192,1
hsa:3809,72
hsa:63916,10
hsa:26253,35
hsa:56954,68
hsa:389692,0
path:hsa00040,2
hsa:51495,51
hsa:4128,10
hsa:32,41
hsa:121278,71
hsa:201163,41
hsa:91734,64
hsa:6595,10
hsa:923,2
hsa:96459,41
hsa:9232,54
path:hsa00900,31
hsa:56413,35
hsa:7299,5
hsa:353091,5
hsa:22876,30
hsa:3190,16
cpd:C00305,7
hsa:8717,35
hsa:245711,20
hsa:1136,39
hsa:1019,10
hsa:5833,30
hsa:279,88
hsa:80328,45
hsa:1013,88
hsa:9027,43
hsa:64926,58
hsa:6885,42
hsa:7082,10
hsa:5777,10
hsa:2168,38
hsa:10971,24
hsa:6777,11
hsa:157506,2
hsa:3362,0
hsa:6323,16
hsa:3694,24
hsa:23408,43
hsa:3303,72
hsa:8968,54
hsa:36,54
hsa:407030,11
hsa:3352,68
hsa:1956,2
hsa:8677,43
hsa:160851,18
hsa:4886,65
hsa:356,50
hsa:10552,45
hsa:11040,56
hsa:100861540,41
hsa:4142,42
hsa:8802,5
hsa:9455,28
hsa:3560,49
hsa:90809,7
hsa:2778,88
hsa:4001,88
hsa:7010,45
hsa:5797,1
hsa:288,7
hsa:171558,5
hsa:6317,12
hsa:3684,78
hsa:100271849,23
path:hsa00603,14
hsa:6898,35
hsa:5232,23
hsa:6605,23
hsa:85365,6
hsa:8744,43
hsa:7386,63
path:hsa00250,15
hsa:22999,30
cpd:C05465,2
hsa:196403,0
hsa:1443,3
hsa:658,15
hsa:11311,29
hsa:5567,31
hsa:148,43
hsa:3106,7
hsa:11145,0
hsa:5175,51
hsa:7006,14
hsa:84869,62
hsa:1394,41
hsa:4780,87
hsa:5154,16
hsa:162417,20
hsa:4293,61
hsa:1437,20
hsa:27345,78
hsa:5209,30
hsa:5147,23
hsa:796,28
hsa:6489,13
hsa:6580,39
hsa:574467,61
hsa:84628,88
hsa:3569,74
hsa:2524,24
hsa:1139,23
hsa:4056,34
hsa:10758,48
hsa:6846,31
hsa:5860,38
hsa:596,84
hsa:3805,2
hsa:4586,78
hsa:1645,41
cpd:C00965,78
hsa:64786,6
hsa:5593,41
hsa:406888,35
hsa:5924,43
hsa:3579,14
hsa:50615,17
hsa:9927,17
hsa:51170,38
hsa:5724,87
hsa:10197,36
hsa:9966,7
hsa:6570,31
hsa:4607,80
hsa:29945,2
hsa:3562,29
hsa:414328,7
hsa:7249,39
hsa:56895,74
hsa:6599,31
hsa:2215,23
hsa:84790,88
hsa:643,87
hsa:16,50
hsa:545,50
hsa:6472,29
hsa:1991,44
hsa:113878,30
hsa:51701,35
hsa:55627,54
hsa:1282,45
hsa:654,29
hsa:80168,16
hsa:5529,52
hsa:207,20
hsa:886,39
hsa:604,71
hsa:2169,36
hsa:5720,0
hsa:5896,35
hsa:4329,30
hsa:145226,91
hsa:2887,32
hsa:6335,88
hsa:407047,17
hsa:641371,17
hsa:83547,28
hsa:9826,31
hsa:1311,79
hsa:6513,71
gl:G13105,87
cpd:C03259,7
cpd:C00416,68
hsa:113451,72
cpd:C05981,24
hsa:699,65
path:hsa00100,54
hsa:57118,24
hsa:23339,76
cpd:C00070,31
hsa:2869,48
hsa:5217,41
hsa:114548,42
hsa:26,46
hsa:166824,5
hsa:100526794,30
hsa:598,65
hsa:1845,31
hsa:100529261,16
hsa:81849,38
hsa:1589,82
hsa:4694,20
cpd:C14776,15
hsa:8354,52
hsa:8697,2
hsa:333932,0
hsa:3691,0
hsa:64064,71
hsa:2626,30
hsa:283459,43
hsa:83452,19
hsa:1676,31
hsa:54928,23
hsa:8787,30
cpd:C00410,56
hsa:64600,42
hsa:406910,2
hsa:407031,5
hsa:1081,30
hsa:7879,10
hsa:55102,17
hsa:51780,71
hsa:23786,52
hsa:9020,71
hsa:8289,87
hsa:1457,2
hsa:3822,32
hsa:11200,35
path:hsa00052,72
hsa:1789,2
cpd:C20640,49
hsa:3112,7
hsa:64283,43
hsa:2829,52
hsa:57007,27
hsa:6233,78
hsa:23308,36
cpd:C00238,76
hsa:406954,76
hsa:2549,91
hsa:926,28
hsa:2717,24
hsa:9266,9
hsa:9019,85
hsa:5347,8
dr:D08234,0
hsa:5327,85
hsa:57121,88
hsa:516,56
hsa:57104,38
cpd:C00745,53
hsa:4249,38
hsa:22925,54
hsa:10524,54
cpd:C20970,71
hsa:4800,29
hsa:2193,29
hsa:3133,32
hsa:84938,45
hsa:3274,58
hsa:3626,3
hsa:283208,91
hsa:7066,51
hsa:2069,30
hsa:7089,53
hsa:23708,18
hsa:9080,32
hsa:4646,32
hsa:10365,11
cpd:C02140,43
hsa:5871,30
hsa:9610,12
hsa:7048,12
hsa:23001,12
hsa:28227,13
hsa:6928,39
hsa:710,14
hsa:60,43
hsa:5292,14
hsa:51763,3
hsa:79799,6
hsa:9538,88
hsa:10170,14
hsa:5244,51
hsa:374654,10
hsa:1555,56
hsa:440,39
hsa:253260,39
hsa:5366,29
hsa:90993,35
hsa:50674,13
hsa:4698,55
hsa:4540,39
hsa:3155,32
hsa:3628,7
hsa:406947,56
hsa:8833,88
hsa:6372,1
cpd:C01327,20
hsa:22849,72
path:hsa00260,33
hsa:11253,85
hsa:253430,41
cpd:C05122,18
hsa:9630,45
hsa:26050,71
hsa:4718,65
hsa:406995,68
hsa:1278,65
hsa:23365,80
hsa:1232,39
hsa:3459,27
hsa:1154,43
hsa:7416,35
hsa:23646,8
hsa:1849,38
hsa:4541,3
hsa:3099,56
hsa:4099,42
hsa:3376,88
hsa:9839,23
hsa:942,78
hsa:8193,7
hsa:943,34
hsa:10398,35
hsa:574457,88
hsa:148789,28
hsa:79602,14
hsa:57863,71
hsa:5350,52
hsa:407010,2
hsa:2990,78
hsa:56985,23
hsa:2921,78
hsa:10399,46
hsa:29785,56
hsa:4952,41
hsa:4728,60
hsa:5721,8
hsa:3688,7
hsa:5663,52
hsa:7514,17
hsa:1636,51
hsa:3481,30
hsa:10062,30
hsa:1901,17
hsa:29929,17
cpd:C00388,30
hsa:3679,7
hsa:939,41
hsa:2161,88
hsa:3753,65
hsa:80326,30
cpd:C04483,40
hsa:896,10
hsa:113457,54
hsa:286151,72
hsa:11221,62
hsa:814,77
cpd:C22535,23
hsa:9023,31
hsa:3067,2
hsa:493869,16
hsa:7185,72
path:hsa00620,13
hsa:2810,28
hsa:80315,51
hsa:84735,0
hsa:6891,41
hsa:2903,71
hsa:3553,53
hsa:7849,82
hsa:9253,38
hsa:9985,74
hsa:79594,28
hsa:92359,30
hsa:5575,23
cpd:C15231,75
hsa:6812,87
hsa:100289462,87
hsa:9693,35
hsa:731,32
hsa:1235,71
hsa:83539,25
hsa:4914,6
hsa:406926,76
hsa:23446,2
hsa:4599,85
hsa:477,71
hsa:8326,78
hsa:6520,23
hsa:2569,10
hsa:2277,68
hsa:2920,35
hsa:57805,41
hsa:406981,29
hsa:1440,54
hsa:262,5
hsa:7332,45
hsa:3118,35
hsa:8784,71
hsa:23566,38
hsa:5819,20
hsa:4357,7
hsa:10370,72
hsa:89953,78
hsa:55072,41
hsa:23396,3
hsa:3476,83
hsa:4916,64
hsa:106821730,14
hsa:3065,41
hsa:10603,16
hsa:8991,72
hsa:1843,83
hsa:2782,34
hsa:5894,5
cpd:C20698,2
cpd:C02002,72
hsa:51378,14
hsa:572,41
hsa:9071,23
hsa:29906,36
hsa:54776,2
hsa:6888,17
hsa:5223,9
hsa:2986,38
hsa:130589,23
hsa:1291,23
hsa:23657,51
hsa:5071,41
hsa:4940,12
hsa:11025,2
hsa:27189,2
hsa:2550,27
hsa:3934,42
hsa:40,43
hsa:1488,71
path:hsa00230,28
hsa:407046,74
hsa:2793,27
hsa:29107,65
hsa:56624,3
hsa:5922,46
hsa:22938,71
hsa:1244,1
hsa:51393,1
hsa:11127,68
hsa:57617,88
hsa:25833,88
hsa:399,17
hsa:6370,71
hsa:8809,52
hsa:127281,28
hsa:6324,5
hsa:5009,10
hsa:4882,18
hsa:2322,38
hsa:535,17
hsa:659,71
path:hsa00340,53
hsa:730094,50
hsa:132158,50
hsa:7148,30
hsa:23157,23
hsa:10402,23
hsa:9942,41
hsa:3451,41
hsa:3123,38
hsa:2643,79
hsa:137964,31
hsa:84976,3
hsa:6487,56
hsa:2905,13
hsa:5153,62
hsa:139065,3
hsa:342372,5
path:hsa00533,56
hsa:55367,33
hsa:5739,45
hsa:6716,87
hsa:3175,13
hsa:25847,31
hsa:2595,61
hsa:162514,22
hsa:1716,60
hsa:10459,2
cpd:C15849,23
hsa:57678,65
hsa:83990,9
hsa:85366,9
hsa:226,49
hsa:9577,13
path:hsa00130,35
hsa:10769,41
hsa:84557,91
hsa:5139,17
hsa:208,88
hsa:7056,50
hsa:6343,60
hsa:7462,53
hsa:5406,45
hsa:291,45
hsa:913,87
hsa:1179,10
hsa:6364,88
hsa:5460,30
hsa:5523,17
hsa:128,18
hsa:64091,34
hsa:5197,51
hsa:5345,28
hsa:373156,84
hsa:4157,56
hsa:406916,65
hsa:407026,64
hsa:6789,64
hsa:4760,2
hsa:23678,0
hsa:3293,31
hsa:3716,29
hsa:1493,17
hsa:3818,6
hsa:9542,14
hsa:51208,56
hsa:4804,39
hsa:113026,30
hsa:23590,51
hsa:8702,88
gl:G13101,45
hsa:57555,17
hsa:6425,56
hsa:7091,39
hsa:55844,71
hsa:401494,43
hsa:790,72
hsa:8290,43
hsa:126,2
hsa:50855,2
hsa:5536,5
hsa:292,15
hsa:220074,46
hsa:7225,88
path:hsa00330,30
hsa:7368,41
hsa:10913,71
hsa:3918,7
hsa:81029,88
cpd:C01780,91
hsa:1499,9
hsa:6786,2
hsa:5590,56
hsa:4724,15
hsa:10075,15
hsa:3676,72
hsa:64581,14
hsa:438,56
hsa:406996,5
hsa:10533,3
hsa:407006,31
hsa:220,88
path:hsa00513,62
hsa:9402,53
hsa:10010,0
hsa:4776,83
hsa:3908,10
hsa:84142,0
hsa:3681,60
hsa:6773,79
hsa:4899,2
hsa:10858,35
cpd:C00002,79
hsa:2919,2
hsa:406933,41
hsa:2475,20
hsa:2560,60
hsa:6476,81
hsa:10682,14
path:map00403,78
hsa:5564,15
hsa:102157402,23
hsa:6120,24
hsa:5731,38
hsa:58498,65
hsa:4851,30
hsa:225689,64
hsa:2512,64
hsa:56994,68
hsa:1066,14
hsa:345611,64
hsa:406922,2
hsa:2914,72
hsa:197259,83
hsa:701,64
hsa:1280,2
hsa:64098,14
hsa:283106,23
hsa:1738,83
hsa:3157,87
cpd:C09844,20
hsa:10965,2
hsa:51196,5
hsa:58528,5
hsa:3643,2
hsa:1120,45
hsa:554,45
hsa:445,54
hsa:1460,14
hsa:157,14
hsa:1015,32
hsa:2030,10
cpd:C00903,89
hsa:49861,51
hsa:5290,64
hsa:4149,30
hsa:494551,7
hsa:92552,5
hsa:70,54
hsa:27243,72
hsa:25946,88
hsa:664,72
hsa:5452,24
hsa:7360,56
hsa:9175,18
hsa:10572,74
hsa:6396,8
hsa:57148,2
hsa:5547,78
hsa:8992,46
hsa:4825,35
hsa:3162,56
hsa:147111,56
hsa:2744,40
hsa:818,71
hsa:6693,87
hsa:139189,2
path:map00660,56
hsa:7450,14
hsa:2494,43
hsa:401152,10
hsa:23462,24
hsa:3101,64
hsa:114769,7
hsa:116444,58
hsa:4967,41
hsa:5742,28
hsa:4537,88
hsa:81873,28
hsa:152831,66
hsa:51554,35
hsa:537,46
hsa:259197,51
hsa:4982,14
hsa:29964,71
hsa:3735,24
hsa:347688,58
hsa:3111,41
hsa:55024,60
hsa:9648,14
hsa:10642,2
cpd:C21791,83
hsa:5521,71
hsa:9487,31
hsa:1551,34
cpd:C00084,24
hsa:8350,71
hsa:2253,32
hsa:54981,82
hsa:287,0
hsa:27071,60
hsa:3765,53
hsa:6504,5
hsa:84706,12
hsa:2121,56
hsa:574473,2
hsa:2520,9
hsa:9563,27
hsa:4216,88
hsa:10878,40
hsa:8703,20
hsa:3939,43
hsa:2876,87
hsa:6452,20
hsa:4361,22
hsa:2915,39
hsa:993,33
hsa:131669,30
path:hsa00030,87
hsa:5054,73
hsa:3683,10
hsa:9846,23
hsa:8851,7
hsa:5228,7
hsa:51561,23
hsa:2792,62
hsa:51447,27
hsa:3566,80
hsa:64601,7
hsa:64398,53
hsa:8625,91
hsa:5604,65
hsa:7187,58
hsa:3651,28
hsa:440093,71
hsa:3763,75
hsa:27250,88
hsa:11282,80
hsa:7475,2
hsa:1031,14
hsa:2534,20
hsa:1756,20
cpd:C15850,50
hsa:476,28
hsa:9635,91
hsa:653,42
hsa:3455,72
hsa:574455,38
path:hsa00290,53
cpd:C14762,53
hsa:4209,5
hsa:26056,35
hsa:2690,30
hsa:7263,39
hsa:7043,28
hsa:574461,49
hsa:7480,65
hsa:355,88
hsa:441272,88
hsa:23495,62
hsa:6774,24
hsa:7483,53
hsa:3313,89
hsa:9488,35
hsa:5727,18
hsa:5868,17
hsa:28964,43
hsa:1903,65
hsa:6604,43
hsa:1612,42
hsa:989,40
hsa:7168,38
hsa:201562,63
hsa:2353,64
hsa:8454,18
hsa:2153,30
hsa:7251,72
hsa:83401,41
hsa:6326,71
hsa:2790,83
hsa:51510,37
hsa:5155,7
hsa:92579,18
hsa:8302,72
cpd:C00809,49
hsa:1737,39
hsa:8566,23
hsa:114798,27
hsa:2752,27
hsa:9493,0
hsa:8989,11
hsa:280,74
hsa:59082,41
hsa:10797,43
hsa:55650,48
hsa:116150,51
hsa:5291,20
cpd:C00584,14
hsa:10344,56
hsa:8463,0
hsa:23295,24
hsa:5105,22
hsa:23542,74
hsa:2194,46
hsa:94033,23
hsa:27306,87
hsa:3295,87
hsa:80329,18
hsa:776,45
hsa:3040,28
hsa:7098,10
hsa:3276,54
hsa:2243,88
hsa:124,27
hsa:3776,71
hsa:1072,23
hsa:131890,41
hsa:7094,72
hsa:1852,24
hsa:558,42
hsa:2251,28
hsa:1577,7
hsa:5571,7
hsa:57724,2
hsa:7040,38
hsa:2065,5
hsa:154810,5
hsa:406886,11
hsa:10325,88
hsa:1687,12
hsa:81030,64
hsa:23530,8
hsa:23433,12
hsa:50943,51
hsa:8915,76
hsa:5029,53
hsa:2952,7
hsa:1080,88
hsa:5143,87
hsa:9337,79
hsa:83594,91
hsa:6750,79
hsa:4179,2
hsa:8771,20
hsa:3075,88
hsa:7538,30
path:hsa00500,7
hsa:57172,53
hsa:2100,53
hsa:3693,16
hsa:3915,58
hsa:6790,71
hsa:3991,2
hsa:3236,68
hsa:6338,71
hsa:166336,39
hsa:55277,31
hsa:23534,45
hsa:7173,72
hsa:100526760,5
hsa:2321,78
hsa:51520,9
hsa:2773,2
hsa:602,19
hsa:441925,5
hsa:93,52
hsa:60482,35
hsa:26289,7
hsa:7070,24
hsa:3605,72
hsa:2274,8
hsa:2052,72
hsa:2184,20
hsa:475,18
hsa:5908,71
hsa:27,23
hsa:5146,2
hsa:5451,17
hsa:25865,87
hsa:5899,7
hsa:128178,65
hsa:5507,80
hsa:3620,71
hsa:4124,39
hsa:7184,85
hsa:118788,7
hsa:30837,78
hsa:81490,76
hsa:120071,87
hsa:9562,39
hsa:4942,72
hsa:8737,15
hsa:7171,76
hsa:102723996,20
hsa:388112,72
hsa:51020,23
hsa:93343,17
hsa:55526,72
hsa:7134,72
hsa:10672,10
hsa:27094,65
hsa:9651,23
hsa:5872,41
hsa:5966,19
hsa:4337,88
hsa:112724,51
hsa:10587,0
hsa:6908,79
hsa:6332,83
hsa:1487,22
hsa:3125,18
hsa:9146,35
cpd:C14771,56
hsa:7867,8
hsa:442918,56
hsa:9536,65
hsa:126961,65
hsa:1634,31
hsa:152586,24
hsa:51305,33
hsa:57369,54
hsa:340665,54
hsa:290,39
hsa:515,7
hsa:26084,56
cpd:C00031,28
hsa:7059,54
hsa:2779,0
hsa:3242,18
hsa:11326,46
hsa:3084,30
hsa:284098,34
hsa:1212,7
hsa:10242,7
hsa:10563,17
hsa:6300,22
hsa:3817,22
hsa:3990,88
hsa:5272,17
hsa:79109,72
hsa:2870,45
hsa:5268,45
hsa:8831,55
hsa:2902,2
hsa:23710,77
hsa:26508,28
hsa:406908,90
hsa:10000,38
hsa:80150,87
hsa:53342,85
hsa:6850,2
hsa:56270,76
hsa:1615,7
hsa:4860,2
hsa:4210,90
hsa:6328,46
hsa:93034,87
hsa:272,30
hsa:23162,89
path:hsa00910,78
hsa:30,78
hsa:406985,39
hsa:7133,29
hsa:5024,56
hsa:5862,88
hsa:89846,72
hsa:4909,25
hsa:1807,28
hsa:57292,88
hsa:1501,87
hsa:146664,45
hsa:9367,88
hsa:9306,77
hsa:2735,12
hsa:51478,7
hsa:23533,72
hsa:4303,43
hsa:2132,50
hsa:93129,20
hsa:427,71
hsa:783,78
hsa:7189,1
hsa:79444,78
hsa:22861,53
hsa:479,38
hsa:4296,76
hsa:55902,76
dr:D08559,77
hsa:84674,42
hsa:268,64
hsa:29796,39
hsa:513,88
hsa:442890,28
hsa:8356,3
hsa:6776,54
hsa:527,54
hsa:54579,54
hsa:51,72
cpd:C00026,76
hsa:9655,45
hsa:6827,53
hsa:406983,0
hsa:84309,31
hsa:6890,28
hsa:548596,32
hsa:5275,28
hsa:1398,28
hsa:6446,72
hsa:7532,51
hsa:552,27
hsa:26291,79
hsa:100506742,71
hsa:5207,72
hsa:102723849,18
hsa:27330,18
hsa:10744,71
hsa:407036,72
hsa:847,14
hsa:7366,78
hsa:2150,78
hsa:147179,28
hsa:3098,32
hsa:6375,15
hsa:9047,39
hsa:10747,51
hsa:2247,14
hsa:64326,22
hsa:4539,48
hsa:2788,48
hsa:2747,37
hsa:26524,2
hsa:51764,45
hsa:2689,45
hsa:5618,28
hsa:156,58
hsa:23262,17
hsa:5055,63
hsa:3914,16
hsa:340419,33
hsa:8353,28
hsa:874,35
hsa:777,23
hsa:4094,45
hsa:5196,45
hsa:3611,31
hsa:3913,85
hsa:9924,74
hsa:5591,11
hsa:340061,32
hsa:3702,39
hsa:11152,91
hsa:286,39
hsa:8310,86
hsa:3572,88
hsa:4294,45
hsa:3448,15
hsa:4833,71
hsa:51477,39
hsa:2565,32
path:hsa00564,76
hsa:100310812,9
hsa:5241,23
hsa:29110,15
hsa:3932,15
hsa:2977,31
hsa:673,31
hsa:9462,88
hsa:5243,5
hsa:5198,48
path:hsa00770,45
hsa:3779,45
hsa:4915,18
hsa:1962,16
hsa:406991,53
hsa:5914,8
hsa:5462,91
hsa:3952,10
hsa:5971,41
hsa:3358,17
hsa:85407,72
hsa:10840,35
hsa:8395,65
hsa:1871,87
hsa:10941,43
hsa:29982,76
hsa:84076,71
hsa:775,88
hsa:10850,87
path:map00960,88
hsa:653857,11
hsa:6344,35
hsa:95,71
hsa:65263,43
hsa:1297,88
hsa:8704,72
hsa:406896,31
hsa:8867,2
hsa:2983,66
hsa:912,37
cpd:C00471,85
hsa:54,51
hsa:2058,80
hsa:30001,10
hsa:9322,72
path:hsa00790,28
hsa:1786,72
hsa:2554,41
hsa:2625,22
path:hsa00650,42
hsa:51547,19
hsa:412,20
hsa:3977,56
hsa:1395,17
hsa:5042,67
hsa:5888,72
hsa:8091,80
hsa:10912,43
cpd:C21642,39
hsa:83756,87
hsa:406935,15
hsa:11331,15
hsa:63923,72
hsa:11149,52
hsa:4068,20
hsa:1143,51
hsa:155,87
hsa:2535,71
hsa:10746,30
hsa:23547,76
hsa:11285,76
hsa:9311,34
hsa:3397,9
hsa:79888,55
hsa:4702,56
hsa:3304,56
hsa:51606,14
hsa:7030,71
hsa:10938,58
hsa:122622,54
hsa:51412,16
hsa:6392,16
hsa:11320,41
hsa:2013,22
hsa:8526,76
hsa:90952,5
hsa:7252,88
hsa:7122,82
hsa:6655,0
hsa:2027,31
hsa:1045,1
hsa:11035,41
hsa:79735,17
hsa:122970,47
hsa:25805,35
hsa:158835,8
hsa:182,78
hsa:5499,23
hsa:7533,74
hsa:978,17
hsa:5603,10
hsa:7421,34
hsa:1917,37
hsa:4635,1
hsa:3773,1
hsa:4322,62
hsa:5617,10
hsa:441273,74
hsa:94274,30
hsa:714,1
hsa:134,1
hsa:64321,23
hsa:3375,48
hsa:996,56
hsa:5596,39
hsa:3329,36
hsa:50617,53
hsa:8140,41
path:hsa00051,55
hsa:26260,50
hsa:5471,1
hsa:55500,30
hsa:10135,72
hsa:81027,16
hsa:6667,35
hsa:8862,72
hsa:6829,28
hsa:200576,76
hsa:100302238,12
hsa:11184,14
hsa:79094,64
hsa:482,0
hsa:5532,54
hsa:7074,76
hsa:518,76
hsa:79993,34
hsa:51206,5
hsa:1137,2
hsa:5534,89
hsa:7535,52
hsa:84812,2
hsa:5770,79
hsa:7481,41
hsa:3452,24
cpd:C00159,88
cpd:C00665,8
hsa:26003,22
hsa:1978,51
hsa:10038,39
hsa:406913,7
hsa:3398,15
hsa:2916,91
hsa:100130933,17
hsa:2213,56
hsa:11069,81
hsa:369,54
hsa:3030,72
hsa:4082,16
hsa:11345,15
hsa:2538,22
hsa:3447,76
hsa:9722,16
hsa:1030,80
hsa:27010,9
hsa:7222,88
hsa:712,2
cpd:C00039,11
hsa:5033,85
hsa:4973,74
dr:D01161,79
hsa:350,54
hsa:5136,4
hsa:84532,84
hsa:1286,39
hsa:4050,45
hsa:623,35
hsa:441024,4
hsa:3799,53
hsa:51067,23
hsa:7494,82
hsa:407029,2
hsa:100532731,53
cpd:C00095,65
hsa:2954,2
hsa:353500,3
hsa:128866,32
hsa:84197,76
hsa:5176,76
hsa:9618,7
hsa:9200,32
hsa:644672,34
hsa:8324,1
hsa:7469,1
hsa:5934,4
hsa:4908,64
hsa:55626,39
hsa:5623,23
hsa:9331,51
hsa:79784,43
hsa:57153,45
hsa:6794,67
hsa:47,87
hsa:1234,87
hsa:3816,64
hsa:27102,87
hsa:150,78
hsa:23475,18
hsa:10381,85
hsa:3636,39
hsa:5518,88
hsa:1604,6
hsa:1285,5
hsa:9514,88
hsa:5700,1
hsa:656,23
hsa:22943,24
hsa:3428,88
hsa:8358,64
hsa:4074,71
hsa:948,72
hsa:9437,2
hsa:693187,63
hsa:1434,74
hsa:53630,7
cpd:C11378,74
hsa:11211,37
hsa:2953,37
hsa:85409,51
hsa:56001,2
hsa:5119,81
hsa:83439,43
hsa:1902,80
cpd:C00704,76
hsa:8908,5
hsa:2950,34
hsa:2152,47
hsa:56267,20
hsa:92935,39
hsa:11332,7
hsa:3806,17
hsa:84892,5
hsa:3802,11
hsa:5568,45
hsa:1543,46
hsa:10235,46
hsa:8600,88
hsa:8776,87
hsa:4508,41
hsa:4085,71
hsa:8036,62
hsa:7923,30
hsa:84876,24
hsa:407033,61
hsa:114112,74
hsa:100996746,74
hsa:6546,1
hsa:7915,1
hsa:4494,1
hsa:55326,24
hsa:2327,41
hsa:5053,39
hsa:10133,11
hsa:1969,45
hsa:5608,34
hsa:1839,53
hsa:1594,78
hsa:823,72
hsa:51735,54
hsa:6652,71
hsa:5289,88
hsa:7060,51
hsa:9776,24
path:hsa00430,24
path:hsa00561,54
hsa:2531,23
cpd:C22531,4
hsa:3984,37
hsa:4731,87
hsa:1850,8
hsa:27231,51
hsa:799,63
hsa:3556,64
hsa:4710,72
hsa:2114,74
hsa:406955,66
hsa:80017,3
hsa:5597,53
hsa:10978,22
hsa:6401,88
hsa:406901,1
hsa:23683,1
hsa:471,66
hsa:1071,50
hsa:240,54
hsa:93432,76
hsa:57144,22
hsa:5173,17
hsa:22916,79
hsa:4298,34
hsa:8322,53
hsa:9388,86
hsa:6249,86
hsa:2525,55
hsa:51135,30
hsa:285,41
hsa:846,76
hsa:10554,72
hsa:4714,1
hsa:2212,22
hsa:57704,46
hsa:55361,41
hsa:3127,37
hsa:4838,7
hsa:2879,34
hsa:1558,72
hsa:81537,70
hsa:10908,87
cpd:C00062,32
hsa:51426,64
hsa:9568,64
hsa:2160,64
hsa:135,72
hsa:10673,58
hsa:100302282,86
hsa:63976,53
hsa:6648,88
hsa:9815,74
hsa:3710,74
hsa:4636,62
hsa:8823,24
hsa:10314,62
hsa:1793,89
hsa:7791,16
hsa:3976,43
hsa:3176,58
hsa:1036,34
hsa:57571,54
hsa:64422,38
hsa:8707,39
hsa:6609,86
hsa:2357,49
hsa:113612,49
hsa:2263,51
hsa:2787,87
hsa:2597,88
hsa:10928,85
hsa:5208,2
hsa:50846,72
hsa:5111,14
hsa:2208,72
hsa:406992,30
hsa:122481,36
hsa:6610,24
hsa:9076,9
hsa:10616,1
cpd:C21479,72
hsa:9140,37
hsa:23207,6
hsa:3032,2
cpd:C19317,51
hsa:3357,76
hsa:7841,88
hsa:57506,23
hsa:25978,91
hsa:113146,82
hsa:58538,64
hsa:79611,74
hsa:57580,45
hsa:56623,74
hsa:3446,43
hsa:4659,29
hsa:5582,29
path:hsa00670,32
hsa:353376,36
hsa:5331,76
hsa:22863,53
hsa:23604,20
hsa:6367,80
hsa:586,56
hsa:25898,20
hsa:7188,15
hsa:122618,5
hsa:2012,87
hsa:51552,87
hsa:8660,23
hsa:59343,31
hsa:54106,17
hsa:920,28
cpd:C03917,53
hsa:229,72
hsa:6584,78
hsa:64834,9
hsa:8396,7
hsa:1040,51
hsa:8323,30
hsa:6775,76
hsa:5625,87
hsa:112,54
hsa:9540,12
hsa:2925,71
hsa:23370,51
hsa:201254,20
hsa:81624,79
hsa:6483,30
hsa:11185,1
hsa:2770,22
hsa:51733,87
cpd:C11472,54
hsa:3417,30
hsa:5160,71
hsa:5338,54
hsa:8440,1
hsa:30833,28
hsa:5158,28
hsa:2939,17
hsa:3383,28
hsa:10842,44
hsa:8835,20
hsa:123720,7
hsa:5524,7
hsa:90865,74
hsa:340485,74
hsa:406917,39
hsa:230,40
hsa:11186,40
hsa:7704,42
hsa:91012,45
hsa:3419,35
hsa:205,71
hsa:6376,15
hsa:1798,91
hsa:5340,7
hsa:9114,1
hsa:340156,39
hsa:2774,51
hsa:7786,30
hsa:5972,56
hsa:4089,74
hsa:51540,87
hsa:468,28
hsa:839,27
hsa:4490,51
hsa:6870,16
hsa:22877,6
hsa:10229,30
hsa:5163,17
hsa:26271,33
hsa:4717,43
hsa:8528,5
hsa:151,15
hsa:389541,24
hsa:130013,72
hsa:51084,39
hsa:57697,88
hsa:28,87
hsa:84552,76
hsa:22841,65
hsa:5414,48
hsa:3996,46
hsa:3250,7
hsa:387332,53
hsa:187,18
hsa:10331,75
hsa:406984,72
hsa:816,24
hsa:8315,5
hsa:9479,2
hsa:7108,31
hsa:2329,37
hsa:8649,7
hsa:6041,41
hsa:4440,78
hsa:2260,71
cpd:C00083,46
hsa:1945,54
hsa:51805,32
hsa:8795,30
hsa:8659,41
hsa:162466,87
hsa:4338,56
hsa:91807,56
hsa:143,20
hsa:285242,30
hsa:8612,42
hsa:6373,66
hsa:4878,51
hsa:10538,5
hsa:595,30
hsa:927,41
cpd:C00639,19
hsa:7272,32
hsa:3444,6
hsa:100528032,72
hsa:54979,39
hsa:1284,50
hsa:257202,2
cpd:C14769,63
hsa:2135,23
hsa:388333,88
hsa:594,88
hsa:838,72
hsa:7477,17
hsa:116443,4
hsa:5605,51
hsa:1001,7
hsa:715,46
hsa:102724594,88
cpd:C00043,28
hsa:54578,48
hsa:1128,71
hsa:4207,5
cpd:C11221,5
hsa:6423,70
hsa:10766,71
hsa:64577,33
hsa:509,7
path:hsa00510,1
hsa:1559,62
hsa:3627,15
hsa:25939,52
hsa:4707,72
hsa:2566,88
hsa:23545,32
hsa:645745,34
hsa:833,41
hsa:8110,54
hsa:23705,91
hsa:2944,53
hsa:5801,38
hsa:3732,16
hsa:57505,76
hsa:9551,78
hsa:785,72
hsa:2941,27
hsa:6500,64
hsa:1453,78
hsa:84618,41
hsa:2820,42
hsa:51655,71
hsa:599,56
hsa:117157,76
cpd:C19190,76
hsa:25828,22
hsa:6531,79
hsa:9770,39
hsa:6241,7
hsa:3633,20
hsa:127124,24
hsa:514,17
hsa:25759,51
hsa:4282,5
hsa:2308,45
hsa:2805,64
hsa:8879,5
hsa:10580,39
hsa:10993,40
hsa:4953,20
hsa:5906,20
hsa:9101,76
hsa:406903,80
hsa:10163,79
hsa:255022,80
hsa:3945,56
cpd:C13856,82
hsa:9997,60
hsa:7337,60
hsa:43,51
hsa:1000,88
hsa:653604,4
hsa:7296,46
hsa:200909,39
hsa:116285,56
cpd:C05466,45
hsa:4129,30
hsa:5423,72
hsa:729230,54
hsa:5599,23
hsa:2316,71
hsa:10413,71
hsa:50940,27
hsa:3479,7
hsa:8869,23
hsa:728343,77
hsa:92610,60
hsa:2081,6
hsa:8434,7
hsa:79792,88
hsa:9525,74
hsa:5607,51
hsa:3115,86
hsa:4677,88
hsa:5933,7
hsa:5781,51
hsa:5641,72
hsa:93100,5
hsa:1950,2
hsa:2209,72
hsa:10641,17
hsa:6354,17
hsa:145482,41
hsa:8309,87
hsa:4723,41
path:hsa00380,35
hsa:9217,51
hsa:6369,41
hsa:4881,23
hsa:51433,77
hsa:9524,35
hsa:7084,88
hsa:1609,36
hsa:10690,80
hsa:2632,37
hsa:5740,30
hsa:1553,74
hsa:55540,32
hsa:7294,89
hsa:119391,7
hsa:27115,32
hsa:10096,41
cpd:C15848,75
hsa:151056,14
hsa:55331,32
hsa:3988,58
hsa:3108,4
hsa:6310,67
hsa:729020,60
hsa:10393,19
hsa:7314,72
hsa:5294,88
hsa:6351,88
hsa:443,87
hsa:60401,28
hsa:6929,69
hsa:3910,7
hsa:84612,14
hsa:183,10
hsa:1032,56
hsa:4051,23
hsa:1607,64
hsa:6646,20
hsa:5165,71
hsa:5921,45
hsa:1943,56
cpd:C22542,42
hsa:3709,65
hsa:80336,71
hsa:675,66
hsa:55114,7
hsa:1237,42
hsa:624,53
hsa:7384,64
cpd:C05956,78
hsa:199746,71
hsa:2891,71
hsa:89853,23
hsa:22926,2
hsa:2064,53
hsa:10201,51
hsa:23411,32
hsa:57180,77
hsa:8431,84
hsa:9002,39
hsa:3558,86
cpd:C21014,22
cpd:C04742,68
hsa:929,41
hsa:4043,50
hsa:5569,18
hsa:3685,3
hsa:5986,39
hsa:6723,50
hsa:6197,42
hsa:9021,0
hsa:64682,12
hsa:152404,39
hsa:6897,76
hsa:394,51
cpd:C00735,65
hsa:491,53
hsa:952,53
hsa:6362,33
hsa:6720,88
hsa:4690,73
hsa:5728,79
hsa:10392,5
hsa:54658,28
hsa:1718,36
hsa:23401,35
hsa:5335,65
hsa:51129,2
hsa:4616,87
hsa:657,23
hsa:407025,53
hsa:55862,54
hsa:54583,39
hsa:100507436,41
cpd:C00518,7
hsa:8352,40
hsa:2645,74
hsa:9453,35
hsa:1359,41
hsa:2629,81
hsa:5577,81
hsa:3949,72
hsa:79065,70
hsa:4205,20
hsa:1287,76
hsa:7381,74
hsa:55879,11
hsa:2893,54
hsa:22802,41
hsa:406911,10
hsa:973,62
hsa:79924,1
hsa:2875,74
hsa:1386,15
hsa:29850,21
hsa:5732,50
cpd:C00123,54
hsa:6259,5
hsa:10891,42
hsa:7100,54
hsa:6262,15
hsa:1268,12
hsa:10800,72
hsa:195814,15
hsa:129642,2
hsa:3690,10
hsa:339745,89
hsa:28956,51
hsa:107181291,64
hsa:29775,70
hsa:407021,23
hsa:3714,41
hsa:130367,78
hsa:442900,2
hsa:8439,51
hsa:778,33
hsa:23179,20
hsa:29119,23
hsa:57552,35
hsa:406918,5
hsa:23405,5
hsa:9294,49
hsa:1513,72
hsa:22821,72
hsa:57733,88
hsa:2880,46
path:map00073,23
hsa:494143,49
hsa:10715,58
hsa:64145,39
hsa:39,54
hsa:54659,23
hsa:4485,87
hsa:6261,9
hsa:4121,53
hsa:137362,76
hsa:3371,51
hsa:9791,33
hsa:26301,64
hsa:7482,56
path:hsa00062,19
hsa:7372,41
hsa:5467,38
hsa:89801,41
hsa:3937,34
hsa:7306,42
hsa:3454,1
cpd:C21011,15
hsa:126969,7
hsa:4700,17
hsa:672,72
hsa:5210,7
hsa:7004,67
hsa:5166,71
hsa:6892,84
hsa:6360,74
hsa:820,60
hsa:254531,12
hsa:4830,20
hsa:100505767,43
hsa:7035,20
hsa:10161,4
hsa:7124,54
hsa:782,40
hsa:7114,51
hsa:132430,9
hsa:115209,5
hsa:23586,73
hsa:6296,64
hsa:2147,70
hsa:50507,88
hsa:1054,17
hsa:102723475,66
hsa:185,6
hsa:11317,71
hsa:9218,15
hsa:2205,78
hsa:2720,33
hsa:23562,70
path:hsa00071,7
hsa:5161,79
hsa:51816,74
hsa:4193,56
hsa:2890,41
hsa:2588,20
hsa:2913,20
hsa:25851,51
hsa:6713,23
hsa:129807,80
hsa:6280,50
hsa:51429,40
hsa:521,39
hsa:4077,10
hsa:59284,71
hsa:3292,30
hsa:127550,87
hsa:55578,87
cpd:C00780,24
hsa:11313,51
hsa:1456,32
hsa:6357,58
hsa:3631,34
hsa:648,16
hsa:9073,41
hsa:338339,77
hsa:407049,24
hsa:3827,14
hsa:3645,74
hsa:9759,7
hsa:5586,39
hsa:5535,88
path:hsa00240,28
cpd:C14767,27
hsa:6654,53
hsa:970,34
hsa:864,36
hsa:253314,14
hsa:64065,12
hsa:387778,51
hsa:6541,53
hsa:90,35
hsa:7454,50
hsa:6337,6
hsa:8793,71
hsa:18,86
hsa:4638,86
hsa:163688,71
hsa:6715,71
hsa:5169,74
hsa:8797,7
hsa:2940,55
hsa:8722,88
hsa:63970,64
hsa:644150,34
hsa:26100,39
hsa:29760,17
hsa:587,20
hsa:4489,36
cpd:C11310,39
hsa:3708,33
hsa:5917,49
hsa:10018,76
path:hsa00563,56
hsa:55740,30
hsa:3421,39
hsa:1026,2
hsa:6355,54
hsa:11052,83
hsa:1588,2
hsa:91442,73
hsa:9547,29
hsa:2214,24
hsa:9249,87
hsa:10606,51
hsa:392517,71
hsa:60673,56
hsa:124583,67
hsa:2530,12
hsa:22800,5
hsa:10733,78
hsa:10195,5
hsa:925,2
hsa:7979,5
cpd:C14819,28
hsa:2323,19
hsa:3373,71
hsa:51703,77
hsa:1856,56
hsa:533,41
cpd:C03378,24
hsa:94030,22
hsa:84890,39
hsa:10632,58
hsa:28514,9
hsa:10855,54
hsa:10627,10
hsa:50616,17
hsa:8694,71
hsa:114,30
hsa:7137,82
hsa:6470,88
hsa:53842,41
hsa:140609,60
hsa:51292,60
hsa:1565,5
hsa:1855,41
hsa:91782,32
hsa:64840,71
hsa:112483,56
hsa:442902,28
hsa:2245,53
hsa:2737,77
hsa:9215,72
hsa:10846,72
hsa:9033,51
hsa:5805,36
hsa:10318,11
hsa:1025,35
hsa:1431,3
hsa:131873,51
hsa:1298,23
hsa:246184,14
hsa:5336,60
hsa:79944,60
hsa:118471,72
hsa:79071,16
hsa:221264,53
hsa:5273,56
hsa:103910,58
hsa:721,7
hsa:7161,23
hsa:4907,64
hsa:8913,56
hsa:64077,40
hsa:251,65
hsa:8650,62
hsa:65220,45
hsa:3146,71
hsa:5313,12
hsa:25920,45
hsa:23002,35
hsa:2358,11
hsa:4712,51
hsa:958,49
hsa:2359,87
hsa:406959,72
hsa:727,23
hsa:8824,32
hsa:3082,23
hsa:7253,22
hsa:6677,53
hsa:3064,41
hsa:653361,30
hsa:8355,56
hsa:55753,6
cpd:C00427,72
hsa:3695,5
hsa:340529,41
hsa:7479,71
hsa:8772,71
hsa:1630,17
hsa:7709,72
hsa:4363,14
hsa:388,5
hsa:959,71
hsa:250,51
cpd:C00873,2
hsa:5150,37
hsa:4583,71
hsa:1910,46
cpd:C14748,39
hsa:153129,87
cpd:C00306,2
hsa:800,7
hsa:260434,1
hsa:4067,71
hsa:84133,9
hsa:31,14
hsa:147495,39
hsa:4771,16
hsa:8527,16
hsa:4353,72
hsa:406915,87
hsa:51102,75
hsa:2992,41
hsa:575,24
hsa:83692,2
hsa:1230,30
hsa:148022,58
hsa:84693,36
hsa:405,29
hsa:3601,36
hsa:1675,12
hsa:6352,50
hsa:10093,23
hsa:27072,61
hsa:2185,61
hsa:6571,40
hsa:10335,71
hsa:5783,9
hsa:1514,9
hsa:55733,13
hsa:857,51
hsa:339221,41
hsa:5859,7
hsa:2570,1
hsa:10369,1
hsa:6331,74
hsa:54498,88
hsa:2889,54
hsa:55233,41
hsa:2317,5
hsa:6330,20
hsa:5269,39
hsa:5588,39
hsa:8986,5
hsa:4046,73
hsa:9378,15
hsa:53828,15
hsa:3630,54
hsa:51024,35
hsa:126792,63
hsa:3696,76
hsa:6363,88
hsa:9369,75
hsa:3777,15
hsa:24146,17
hsa:4821,15
hsa:8705,7
hsa:23175,51
hsa:221357,2
hsa:3678,71
hsa:10859,54
hsa:55823,66
hsa:8974,75
hsa:2677,87
hsa:10870,7
hsa:2736,71
hsa:330,24
hsa:10345,33
hsa:1378,6
hsa:1515,79
hsa:91662,45
hsa:8864,20
dr:D05999,32
hsa:11283,23
gl:G13064,77
hsa:29780,51
hsa:9365,54
hsa:735,17
hsa:2639,17
cpd:C00400,8
hsa:2309,6
hsa:346562,79
hsa:1739,37
hsa:8708,7
hsa:580,17
hsa:55276,76
hsa:6349,75
hsa:349565,40
hsa:2354,41
hsa:406952,18
hsa:574411,5
hsa:23556,2
hsa:7057,53
hsa:115653,56
hsa:4318,56
hsa:406950,15
hsa:2162,15
hsa:10140,39
hsa:64131,20
hsa:5789,88
hsa:9451,30
hsa:27089,1
hsa:6346,61
hsa:729920,4
hsa:284654,79
hsa:55529,17
hsa:909,56
hsa:57600,71
hsa:5730,76
hsa:8357,7
hsa:114907,23
hsa:51166,33
hsa:3920,74
hsa:3170,65
hsa:91862,50
hsa:440738,29
hsa:3291,53
hsa:3516,17
hsa:2271,20
hsa:2593,12
hsa:407041,32
hsa:3283,71
hsa:1159,71
hsa:3426,55
cpd:C02135,33
hsa:130399,61
hsa:283748,39
hsa:622,17
hsa:1647,28
hsa:375189,32
hsa:6361,60
hsa:5332,51
hsa:493,33
hsa:5923,1
hsa:3425,48
hsa:1380,17
hsa:57171,34
hsa:9069,17
hsa:836,39
hsa:6714,62
hsa:11041,87
hsa:11197,28
hsa:344,22
hsa:50808,12
hsa:51004,39
hsa:27040,5
hsa:6778,33
hsa:10663,32
hsa:11027,12
hsa:9107,17
hsa:35,23
hsa:23439,88
hsa:406943,20
hsa:242,72
hsa:3443,74
hsa:1537,76
hsa:374,76
hsa:3308,64
hsa:407051,15
hsa:3815,24
hsa:10105,54
hsa:3039,88
hsa:388585,56
hsa:57521,7
hsa:11277,71
hsa:1540,79
hsa:9675,77
hsa:3624,39
hsa:1496,75
hsa:2252,82
hsa:3105,51
hsa:112574,88
hsa:4852,2
hsa:3554,77
hsa:29883,14
hsa:3549,48
hsa:131,33
hsa:4218,39
gl:G10505,67
hsa:9223,9
path:map00940,7
cpd:C04549,15
cpd:C12271,48
hsa:4725,9
hsa:102723796,27
hsa:3351,72
hsa:6448,72
hsa:406957,63
hsa:5371,71
hsa:10474,83
hsa:5959,77
hsa:10818,88
hsa:9048,5
hsa:54938,87
hsa:4544,0
hsa:5502,79
hsa:8877,86
hsa:51109,2
hsa:2785,20
hsa:51091,60
hsa:2719,23
hsa:353514,41
hsa:1021,34
cpd:C00925,7
cpd:C14701,30
cpd:C11695,37
hsa:85414,74
hsa:774,9
hsa:10810,65
hsa:4023,51
hsa:2791,72
hsa:1131,76
dr:D02271,29
hsa:27134,58
hsa:5305,33
hsa:80854,2
hsa:6195,65
hsa:1288,30
hsa:4257,49
hsa:6772,66
hsa:23220,41
hsa:27141,7
hsa:1399,7
hsa:5649,58
hsa:3803,71
hsa:384,24
hsa:8613,88
hsa:2034,48
hsa:4495,22
hsa:2822,71
hsa:4801,2
hsa:9296,77
hsa:11024,87
hsa:9252,39
hsa:30815,39
hsa:102723407,12
hsa:406884,53
hsa:406890,74
hsa:29880,24
hsa:7409,51
hsa:1520,67
hsa:63826,16
hsa:2821,53
hsa:6657,64
hsa:729597,74
hsa:1455,5
hsa:7317,12
hsa:4668,71
hsa:131405,35
hsa:80270,79
hsa:377841,51
hsa:80223,23
hsa:867,53
hsa:50487,30
hsa:107987478,12
hsa:22808,5
hsa:55034,88
hsa:3675,17
hsa:51100,7
hsa:6258,30
hsa:149233,9
hsa:79001,73
hsa:55616,22
hsa:6348,32
hsa:9663,79
hsa:55014,45
hsa:23049,46
path:hsa00020,7
hsa:3134,41
hsa:5528,0
hsa:3354,88
hsa:90673,74
hsa:151636,58
hsa:9636,20
hsa:51099,76
hsa:654364,72
hsa:58511,66
hsa:6999,53
hsa:3661,7
hsa:5330,0
hsa:23569,72
hsa:506,22
hsa:3725,39
hsa:55748,12
hsa:2833,7
hsa:3836,73
path:map00984,56
hsa:2947,7
hsa:85417,54
dr:D08233,28
hsa:5468,86
cpd:C01715,30
hsa:22934,88
hsa:107,14
hsa:8741,17
hsa:6387,64
hsa:85477,64
hsa:406937,48
hsa:9448,88
hsa:9181,2
hsa:5261,17
hsa:2948,72
hsa:1965,14
hsa:10039,70
hsa:346606,73
hsa:5747,71
hsa:51727,74
hsa:84189,2
hsa:4170,12
hsa:27121,29
hsa:1909,79
hsa:5864,74
hsa:123263,88
hsa:406906,30
hsa:8887,24
cpd:C15493,75
hsa:6356,42
hsa:6404,2
hsa:11337,51
cpd:C09155,30
hsa:2906,53
hsa:6722,5
hsa:8639,17
hsa:574493,34
hsa:22854,16
dr:D00110,58
hsa:4316,39
hsa:5898,1
hsa:83737,60
hsa:1293,35
hsa:6865,87
hsa:873,65
hsa:6934,82
cpd:C22547,49
hsa:10094,32
hsa:63924,58
hsa:1959,20
hsa:5817,15
hsa:5837,5
hsa:10243,56
hsa:2559,88
path:hsa00591,72
hsa:9184,41
hsa:6494,22
hsa:9414,56
hsa:2516,30
hsa:1051,7
hsa:57016,51
hsa:5260,41
hsa:54657,56
hsa:93978,72
hsa:316,82
hsa:6945,66
hsa:3294,48
hsa:2872,71
hsa:5027,12
hsa:8531,1
hsa:3672,39
hsa:359,74
hsa:8630,50
hsa:2583,41
hsa:3811,11
hsa:6347,71
path:hsa00785,37
hsa:6342,90
hsa:2712,72
cpd:C06124,4
hsa:9344,54
hsa:1584,79
hsa:6514,75
hsa:6272,39
hsa:26873,71
hsa:5737,61
cpd:C00212,72
gl:G13115,17
hsa:5265,41
hsa:6614,12
hsa:10651,1
hsa:84445,2
hsa:4300,90
hsa:9261,86
hsa:4735,6
path:hsa00360,5
hsa:1564,20
hsa:9054,34
hsa:1521,45
hsa:30009,42
hsa:2222,74
hsa:2628,18
hsa:1848,20
hsa:5565,41
hsa:10023,56
hsa:55914,15
hsa:26086,28
hsa:2819,5
hsa:133,39
hsa:56034,8
hsa:6010,51
hsa:10841,71
hsa:84513,51
hsa:5469,27
hsa:9843,7
hsa:916,30
hsa:3689,60
hsa:83593,60
hsa:79837,60
hsa:2852,67
path:hsa00562,60
hsa:8228,51
hsa:1392,50
hsa:817,7
hsa:3674,43
hsa:197322,53
hsa:23057,18
hsa:2557,1
hsa:9611,41
hsa:220441,23
hsa:2155,72
hsa:1915,5
hsa:5970,64
hsa:965,73
hsa:1281,48
hsa:51056,8
hsa:4790,20
hsa:8608,76
hsa:6696,77
hsa:10390,30
hsa:55224,62
hsa:79816,2
hsa:8325,71
hsa:5138,30
cpd:C01194,32
cpd:C00334,63
hsa:406885,64
hsa:84749,32
hsa:3953,74
hsa:343637,72
hsa:79796,76
cpd:C02165,54
hsa:5226,34
hsa:23493,1
hsa:64132,17
hsa:406905,36
hsa:259307,7
hsa:9456,48
hsa:100532726,87
hsa:10890,19
cpd:C00338,45
hsa:6582,54
hsa:128239,45
hsa:192111,32
hsa:7037,32
hsa:2734,67
hsa:8651,5
hsa:7277,88
hsa:23007,32
hsa:2151,32
hsa:9700,9
hsa:2266,35
hsa:2904,90
hsa:5900,41
hsa:231,60
hsa:4685,71
hsa:8836,17
hsa:27130,7
hsa:79869,17
hsa:22798,5
hsa:3593,5
hsa:124975,17
hsa:7378,51
hsa:2527,46
hsa:25,46
hsa:56246,51
hsa:2246,64
hsa:64798,51
hsa:79923,2
hsa:11051,41
hsa:219,34
hsa:23765,86
hsa:5130,80
cpd:C22545,71
hsa:51284,51
hsa:6598,72
hsa:23432,76
hsa:4708,76
hsa:407035,5
hsa:6788,5
hsa:37,41
hsa:6601,20
hsa:123745,6
hsa:3596,72
hsa:51434,1
hsa:5346,1
hsa:7046,72
hsa:51347,55
hsa:7408,32
hsa:1785,53
hsa:2548,74
hsa:92421,56
hsa:4701,72
hsa:64900,1
hsa:6718,46
hsa:34,1
hsa:1272,10
hsa:3059,2
hsa:1149,60
hsa:7158,60
path:hsa00860,74
hsa:5187,5
hsa:7473,9
hsa:4088,34
hsa:150763,46
hsa:720,76
hsa:4325,49
hsa:9177,87
hsa:9314,40
hsa:30845,13
hsa:50632,87
hsa:3614,54
hsa:374291,39
hsa:3594,65
hsa:5320,53
hsa:5224,41
hsa:55503,74
hsa:4277,3
hsa:140775,0
hsa:6477,30
hsa:54576,88
hsa:374659,32
hsa:23500,7
hsa:3458,23
hsa:1109,46
hsa:65985,79
hsa:3615,41
hsa:53637,87
hsa:4287,87
hsa:30814,20
hsa:570,88
hsa:1729,86
hsa:27436,2
hsa:159,41
hsa:64805,51
hsa:8061,61
hsa:5319,53
hsa:7139,53
hsa:407055,1
hsa:9958,9
hsa:7172,7
hsa:1892,7
hsa:102723555,5
hsa:22949,2
hsa:8569,54
hsa:3310,12
hsa:3269,80
hsa:2567,1
hsa:5148,10
hsa:23643,16
hsa:57826,79
hsa:2264,79
hsa:6257,74
hsa:10400,49
hsa:341,1
hsa:10585,41
hsa:779,15
hsa:406893,48
hsa:54413,88
hsa:640,32
hsa:2987,65
cpd:C00038,20
hsa:4509,41
hsa:821,53
cpd:C00187,41
hsa:8654,41
hsa:5901,36
hsa:93408,60
hsa:335,74
cpd:C07653,33
hsa:56052,5
hsa:1003,23
hsa:3350,22
cpd:C00008,17
hsa:7419,17
hsa:331,77
hsa:399694,6
hsa:5530,7
hsa:5058,45
hsa:9658,17
hsa:7371,43
hsa:25961,60
hsa:2984,85
hsa:5957,42
hsa:57502,39
hsa:1582,71
hsa:4306,71
hsa:8626,87
hsa:10652,58
path:hsa00140,46
hsa:5140,74
hsa:478,67
hsa:4897,4
hsa:100,36
hsa:1583,61
hsa:406892,21
hsa:1292,52
hsa:793,37
hsa:57551,1
hsa:9267,20
cpd:C22546,87
hsa:2885,39
hsa:10111,80
hsa:5610,7
hsa:1511,50
hsa:54898,5
hsa:6422,17
hsa:4519,59
hsa:1441,82
hsa:8789,41
hsa:574537,58
hsa:6318,79
hsa:3442,9
hsa:54539,7
hsa:1435,17
hsa:4729,15
hsa:3772,82
hsa:57132,22
hsa:718,17
hsa:1233,13
hsa:597,74
hsa:1236,83
hsa:3486,24
hsa:55062,56
cpd:C01673,84
hsa:5527,84
hsa:33,42
hsa:124540,23
hsa:8399,9
hsa:983,82
hsa:4669,37
hsa:383,84
hsa:2134,4
hsa:196051,40
path:hsa00640,87
hsa:113130,5
hsa:5270,41
hsa:7358,24
hsa:27180,53
hsa:10667,8
hsa:15,41
cpd:C06866,84
hsa:57448,5
cpd:C00165,79
hsa:900,41
hsa:901,61
hsa:966,39
hsa:257364,70
hsa:5533,37
hsa:4122,37
hsa:8277,16
hsa:525,36
hsa:6809,18
hsa:7205,39
hsa:59345,2
hsa:1857,77
hsa:339983,24
hsa:203228,45
hsa:6901,86
hsa:147700,22
hsa:79947,8
hsa:283209,8
hsa:2146,70
hsa:3909,39
hsa:5293,58
hsa:1452,70
hsa:4301,40
path:map00627,72
hsa:2206,15
hsa:3557,82
hsa:5078,39
hsa:6821,39
hsa:6833,80
hsa:3423,72
hsa:2330,5
hsa:109,60
hsa:5021,78
hsa:10998,37
hsa:1387,71
hsa:7003,12
hsa:375,58
hsa:203068,7
hsa:5296,12
hsa:2776,90
cpd:C14770,89
hsa:10352,49
hsa:2786,31
hsa:5522,41
hsa:5579,37
hsa:5287,41
hsa:9447,88
path:map00908,41
path:hsa00053,82
hsa:387712,20
hsa:3363,51
hsa:5962,16
hsa:144811,65
hsa:3172,7
hsa:10,41
hsa:5137,24
hsa:2028,79
hsa:56919,87
hsa:3320,71
hsa:5408,5
hsa:218,40
hsa:5743,41
hsa:57467,88
hsa:7186,58
hsa:3563,17
hsa:8900,5
hsa:174,40
hsa:204219,74
hsa:5834,71
hsa:8976,74
hsa:6868,17
hsa:10901,30
hsa:5516,5
hsa:1814,72
hsa:4548,73
hsa:9986,58
hsa:23293,12
hsa:89849,49
hsa:6121,8
hsa:706,28
hsa:23193,21
hsa:1536,76
hsa:8740,74
hsa:650,12
hsa:4837,1
cpd:C00752,8
hsa:135250,79
hsa:222545,87
hsa:5106,45
hsa:3798,20
hsa:22908,71
hsa:1215,5
hsa:4985,72
hsa:6464,55
hsa:79369,15
hsa:8945,15
hsa:6319,71
hsa:4233,7
cpd:C01996,77
hsa:5096,4
path:hsa00350,2
hsa:10825,20
hsa:10333,76
hsa:655,76
hsa:23498,40
hsa:4313,71
hsa:163,5
path:hsa00760,56
hsa:567,20
hsa:1576,79
hsa:158067,32
hsa:8764,51
hsa:440275,74
hsa:843,71
hsa:4258,76
hsa:1827,36
hsa:329,28
hsa:7295,28
hsa:100137049,78
hsa:5538,82
hsa:3717,74
hsa:117283,41
hsa:2561,41
hsa:719,78
hsa:112849,17
hsa:84952,71
hsa:23474,39
hsa:3251,66
hsa:1211,24
hsa:9334,71
hsa:407040,7
hsa:64393,65
hsa:4893,77
hsa:1002,78
hsa:253959,34
hsa:8493,71
hsa:79587,36
hsa:6608,23
hsa:1977,22
hsa:713,80
hsa:55004,88
hsa:80736,84
hsa:100526739,22
hsa:5023,46
hsa:118672,39
hsa:245972,48
hsa:9706,80
hsa:4633,87
hsa:84219,77
hsa:7484,42
hsa:22987,5
hsa:1376,7
hsa:116255,17
hsa:2324,32
hsa:2017,39
hsa:5151,56
hsa:64135,74
hsa:53918,74
hsa:4734,74
hsa:6390,60
hsa:102725035,46
hsa:5576,5
hsa:2892,60
hsa:9550,46
hsa:2683,15
hsa:5149,76
hsa:257397,7
hsa:4689,87
hsa:487,7
hsa:7019,1
hsa:4501,79
hsa:107987479,49
hsa:51548,39
hsa:4697,7
hsa:5092,16
path:hsa00410,30
hsa:11335,30
hsa:898,6
hsa:3705,48
hsa:50700,74
hsa:972,74
hsa:113675,74
hsa:5167,83
hsa:27349,9
hsa:3575,5
hsa:10329,5
hsa:2207,42
hsa:80222,86
hsa:7531,39
hsa:6402,20
hsa:406882,15
hsa:23381,51
hsa:4242,39
hsa:126328,67
hsa:146850,23
hsa:5563,23
hsa:957,17
hsa:5236,87
hsa:79178,78
hsa:367,23
path:hsa00630,83
hsa:23513,18
hsa:7054,71
hsa:9519,79
hsa:8803,61
hsa:435,32
hsa:4194,63
hsa:140886,7
hsa:50937,79
hsa:9379,41
hsa:10990,12
hsa:259230,63
hsa:249,53
cpd:C00155,20
hsa:3559,5
hsa:488,39
hsa:57038,9
hsa:153562,37
hsa:5880,41
hsa:486,65
hsa:3728,72
cpd:C00698,72
hsa:4802,72
hsa:414062,54
hsa:53349,87
hsa:54567,5
hsa:9971,53
hsa:1017,22
hsa:2555,80
hsa:8807,72
hsa:4208,88
hsa:9342,24
hsa:2224,41
hsa:5255,82
hsa:2868,42
hsa:7318,58
hsa:1581,67
hsa:255738,48
hsa:9088,36
hsa:9074,86
hsa:2319,88
hsa:6340,30
hsa:51144,65
hsa:7078,84
hsa:23216,41
hsa:3339,37
cpd:C00808,74
hsa:2784,71
hsa:84254,55
cpd:C21013,40
hsa:10267,65
hsa:5481,34
hsa:3460,39
cpd:C12083,2
hsa:9844,15
hsa:4493,83
hsa:55699,17
hsa:27183,39
hsa:29109,72
hsa:4671,53
hsa:19,8
hsa:100506013,82
hsa:7132,34
hsa:407043,77
hsa:6927,37
hsa:221178,87
hsa:406971,41
hsa:5878,39
hsa:5869,5
hsa:862,50
cpd:C02198,85
hsa:1946,33
hsa:786,88
hsa:5584,9
hsa:27190,41
hsa:6844,53
hsa:930,7
hsa:2346,34
hsa:407007,41
hsa:4794,7
hsa:53358,53
hsa:1649,72
hsa:29761,60
hsa:51512,24
hsa:5094,60
hsa:84647,7
hsa:253782,56
hsa:9064,41
hsa:7291,82
hsa:4536,31
hsa:126374,88
hsa:3916,40
hsa:7058,78
hsa:3603,74
hsa:4259,48
hsa:8871,86
hsa:112398,51
hsa:1365,20
hsa:83440,22
hsa:26285,61
hsa:9992,61
hsa:4049,61
cpd:C00533,78
hsa:3445,87
hsa:5526,6
hsa:3034,5
hsa:411,53
cpd:C01227,0
hsa:50848,72
hsa:1605,22
hsa:8837,64
hsa:6482,15
hsa:56000,39
hsa:9370,80
hsa:10203,5
hsa:79644,9
hsa:2878,79
hsa:7476,23
hsa:8516,88
hsa:8405,82
path:hsa00400,54
hsa:317,46
hsa:10801,34
hsa:10670,40
hsa:910,50
hsa:1600,30
hsa:6709,11
hsa:5407,58
hsa:8398,7
hsa:8792,48
hsa:56894,85
hsa:3606,86
hsa:342371,4
hsa:11346,74
hsa:406988,41
hsa:2563,58
hsa:51601,74
cpd:C00003,32
hsa:9842,60
hsa:4880,85
hsa:10268,5
hsa:2159,32
hsa:81616,6
hsa:3422,1
hsa:5925,20
hsa:64902,17
hsa:7097,50
hsa:151531,7
hsa:23265,5
hsa:8515,80
hsa:6935,86
hsa:9564,24
hsa:1075,2
hsa:64506,40
hsa:5162,67
hsa:3810,30
hsa:79443,39
hsa:3955,71
hsa:8312,17
hsa:4158,0
hsa:112817,87
hsa:84335,87
hsa:9134,39
hsa:153090,9
hsa:22914,79
hsa:84870,34
hsa:7936,50
hsa:498,54
hsa:2356,74
hsa:100528021,32
hsa:9108,41
hsa:8766,42
path:map00950,75
hsa:10681,74
hsa:1132,89
hsa:8218,66
cpd:C21641,39
hsa:5464,4
hsa:2526,2
hsa:89941,88
hsa:2255,74
hsa:131870,58
hsa:55304,73
hsa:9978,61
hsa:153,40
cpd:C00020,72
hsa:339761,74
hsa:133686,70
hsa:7529,29
path:map00906,65
hsa:4846,24
hsa:7157,50
hsa:56953,84
hsa:51776,77
hsa:406907,80
hsa:638,48
hsa:7422,48
hsa:3400,17
gl:G13113,46
hsa:92483,71
hsa:51380,9
hsa:7088,15
hsa:161,65
hsa:4522,76
hsa:204962,74
path:hsa00730,12
hsa:4634,50
hsa:5028,5
hsa:4855,5
hsa:2621,87
hsa:2,71
hsa:255967,51
path:hsa00470,5
hsa:25937,86
hsa:5500,12
path:map00121,60
cpd:C16844,39
hsa:55586,30
hsa:5164,72
hsa:406894,30
hsa:56616,80
hsa:5337,43
hsa:729438,85
hsa:6424,39
hsa:944,15
hsa:293,8
hsa:9459,30
hsa:8491,12
hsa:2695,41
hsa:7832,56
hsa:115004,17
hsa:2938,73
hsa:51343,31
hsa:5863,5
hsa:10312,73
hsa:1175,17
hsa:5030,60
hsa:2686,16
hsa:539,39
hsa:2768,39
hsa:2250,17
hsa:8761,51
hsa:65108,18
hsa:55512,74
hsa:3117,17
hsa:2568,61
hsa:23236,70
hsa:7292,88
hsa:9075,72
hsa:9475,17
hsa:5993,79
hsa:9965,85
hsa:4803,58
hsa:554213,65
hsa:55288,33
hsa:406977,87
hsa:574476,12
hsa:160287,30
hsa:29904,4
hsa:4726,74
cpd:C22533,71
hsa:79017,1
hsa:5836,5
hsa:11146,5
hsa:4478,5
hsa:51295,72
hsa:136,41
hsa:341208,18
hsa:57107,74
hsa:6518,41
hsa:5019,76
hsa:6303,7
hsa:284486,29
hsa:345456,20
hsa:2937,5
cpd:C11557,75
hsa:10558,65
hsa:6602,36
hsa:407015,49
hsa:2934,45
hsa:5595,16
hsa:54905,51
hsa:27087,57
hsa:341392,57
hsa:8706,84
hsa:64377,41
hsa:9486,17
hsa:1361,87
hsa:5409,79
hsa:64781,56
hsa:8437,20
hsa:9133,50
hsa:5297,7
hsa:1326,37
hsa:11006,5
hsa:4254,71
hsa:10728,9
hsa:9771,17
hsa:1277,71
hsa:3635,37
hsa:919,87
hsa:406902,14
path:hsa00220,26
hsa:4686,40
hsa:3760,9
hsa:345778,36
hsa:406979,56
hsa:41,48
hsa:2781,63
hsa:6547,29
hsa:5495,1
hsa:1728,15
hsa:1846,9
hsa:2254,43
hsa:253558,88
hsa:2342,6
hsa:1975,34
hsa:4267,63
hsa:2182,22
hsa:4000,86
hsa:837,5
hsa:1522,61
hsa:480,62
hsa:5478,88
hsa:9061,32
hsa:387,87
hsa:7852,15
hsa:6194,71
hsa:5979,9
hsa:135152,41
hsa:7005,79
hsa:51071,9
path:map00300,39
hsa:732,61
hsa:84867,42
hsa:4153,83
hsa:9454,46
hsa:154,20
hsa:81579,7
hsa:442903,23
hsa:91653,74
hsa:8517,71
hsa:1557,72
hsa:728,85
hsa:7465,76
hsa:2137,86
cpd:C21012,9
hsa:9681,5
hsa:125,45
hsa:4163,2
hsa:83667,12
hsa:55680,41
hsa:493911,24
hsa:145957,1
hsa:6011,56
hsa:3985,9
hsa:2523,46
hsa:3316,71
hsa:4695,67
hsa:116071,67
hsa:271,20
hsa:25906,41
hsa:5581,86
hsa:917,71
hsa:442904,9
hsa:29882,4
hsa:2746,12
hsa:10975,72
hsa:4831,12
hsa:10458,0
hsa:954,33
hsa:1742,74
hsa:8394,48
hsa:54988,54
hsa:7405,76
hsa:139760,45
cpd:C01471,79
hsa:7363,32
hsa:3360,77
hsa:407034,62
hsa:5473,20
hsa:177,56
hsa:64121,4
hsa:8417,5
hsa:891,41
hsa:6900,64
hsa:6389,46
hsa:51684,67
hsa:142827,42
hsa:58497,2
hsa:4938,9
hsa:842,53
hsa:3911,9
hsa:6611,7
hsa:285955,20
hsa:5897,12
hsa:4093,65
hsa:4524,37
hsa:3665,63
hsa:501,73
cpd:C00007,73
hsa:4709,7
hsa:55908,70
cpd:C14768,2
hsa:58494,8
hsa:284273,60
hsa:55054,54
hsa:1158,1
hsa:55163,15
hsa:2558,1
hsa:5141,54
hsa:10125,46
hsa:2326,88
hsa:406904,71
hsa:5550,12
hsa:8644,34
hsa:810,88
hsa:7052,5
hsa:6926,67
hsa:255189,67
hsa:81889,20
hsa:6256,80
hsa:11019,80
hsa:79861,1
hsa:407048,82
hsa:5156,32
hsa:86,85
hsa:4627,5
hsa:6358,28
hsa:276,2
hsa:2056,80
hsa:338324,60
hsa:5792,82
hsa:51176,8
hsa:57530,79
hsa:9113,5
hsa:84803,51
hsa:6301,35
cpd:C00575,22
hsa:4628,54
hsa:1621,64
hsa:10666,2
hsa:216,53
hsa:83998,41
hsa:10588,49
hsa:6770,54
hsa:834,35
hsa:3359,17
hsa:3156,90
hsa:8178,55
hsa:6708,85
hsa:3687,5
hsa:1299,72
hsa:79184,1
hsa:440138,56
hsa:11273,4
cpd:C00027,2
hsa:23130,39
hsa:55278,22
hsa:3662,50
hsa:79899,32
hsa:23305,9
hsa:55799,38
hsa:10568,66
hsa:4832,8
hsa:883,39
hsa:2918,77
hsa:4706,48
hsa:5333,32
hsa:4594,56
hsa:148327,5
hsa:157855,39
hsa:5095,39
path:hsa00061,84
hsa:3613,88
hsa:5256,87
hsa:2946,56
hsa:8777,64
hsa:5052,27
hsa:8743,16
hsa:113,56
hsa:55916,40
hsa:2817,86
hsa:8973,77
hsa:93643,1
hsa:347733,34
hsa:784,5
cpd:C01330,70
hsa:11164,1
cpd:C00034,17
hsa:2099,58
hsa:7850,34
hsa:9887,56
hsa:8643,42
hsa:9436,79
cpd:C00695,53
hsa:22933,30
hsa:10059,37
hsa:84631,50
hsa:3315,42
hsa:123283,56
hsa:406976,86
hsa:89869,77
hsa:4314,17
hsa:56477,45
hsa:1152,12
hsa:408,39
hsa:2678,42
hsa:170572,39
hsa:1960,88
hsa:25834,84
hsa:239,32
hsa:4538,76
cpd:C01312,75
hsa:10298,9
hsa:3355,23
hsa:80339,67
hsa:7412,87
hsa:22909,7
hsa:2529,4
hsa:51762,9
hsa:27244,20
hsa:9103,24
hsa:257194,41
hsa:526,67
hsa:55770,34
hsa:406925,74
hsa:278,84
hsa:5583,87
hsa:4715,48
hsa:54874,80
hsa:83729,24
hsa:1644,48
hsa:214,61
hsa:7042,12
cpd:C04637,39
hsa:4763,7
cpd:C02528,20
hsa:10288,73
hsa:160,71
hsa:26229,86
hsa:50484,82
cpd:C22381,76
cpd:C21790,17
hsa:10910,5
hsa:23176,8
hsa:7248,88
hsa:2775,86
hsa:6510,1
hsa:1545,79
hsa:286204,41
dr:D10803,5
hsa:4625,41
path:hsa00601,5
hsa:132014,20
hsa:2249,56
hsa:3081,11
hsa:8605,8
hsa:144165,56
hsa:3567,56
hsa:57689,32
hsa:116512,32
hsa:1938,22
hsa:23013,15
hsa:9915,18
hsa:5322,50
path:hsa00280,87
hsa:124404,8
hsa:5515,22
hsa:81494,1
hsa:28984,74
hsa:10379,5
cpd:C16845,50
hsa:6622,70
hsa:3704,0
hsa:118142757,65
hsa:1906,65
cpd:C01019,86
hsa:3973,54
hsa:4597,32
hsa:717,15
hsa:8822,17
hsa:25945,56
hsa:79168,77
hsa:84962,41
hsa:55613,1
hsa:382,77
hsa:5634,74
cpd:C09179,87
hsa:1616,87
hsa:23205,2
hsa:4773,54
hsa:2335,71
hsa:10056,41
hsa:9374,74
hsa:3119,15
hsa:275,40
hsa:407009,70
hsa:885,72
hsa:84823,7
hsa:59283,39
hsa:6311,34
hsa:729,77
cpd:C01065,71
hsa:25813,74
cpd:C00788,90
hsa:64850,30
hsa:8972,39
cpd:C00376,46
hsa:7305,70
hsa:27235,11
hsa:126129,40
hsa:7166,22
hsa:643834,72
hsa:3280,68
hsa:6688,79
hsa:4758,9
hsa:8379,39
hsa:30061,46
hsa:23770,89
hsa:9586,77
hsa:51802,5
path:hsa00750,52
hsa:3659,1
hsa:2826,1
hsa:8817,64
hsa:109703458,88
hsa:1500,65
hsa:204,20
hsa:9900,74
hsa:56998,24
hsa:10015,46
hsa:1573,45
hsa:10950,60
hsa:51421,4
hsa:2113,41
hsa:56901,79
hsa:4215,71
hsa:54205,1
hsa:22953,39
hsa:314,72
hsa:332,41
hsa:6869,76
hsa:396,70
hsa:59344,6
cpd:C22538,35
hsa:25780,64
hsa:4214,23
hsa:338707,48
hsa:7015,24
hsa:7874,86
hsa:2909,17
hsa:7942,61
hsa:57818,39
hsa:4534,71
hsa:10095,24
hsa:10317,32
hsa:6093,19
hsa:338,67
hsa:1717,45
hsa:51302,39
hsa:9265,51
hsa:55752,20
hsa:3821,72
hsa:2949,7
hsa:5321,23
hsa:23409,60
hsa:1806,88
hsa:3290,56
hsa:100533105,36
hsa:5520,65
hsa:223,72
hsa:112744,7
hsa:10382,67
hsa:3656,71
hsa:8174,64
hsa:2131,74
hsa:23463,37
hsa:6581,76
hsa:397,65
hsa:84883,64
hsa:441282,36
hsa:1907,12
hsa:200895,76
hsa:441478,56
hsa:2932,1
hsa:6278,5
hsa:7280,82
hsa:5443,7
path:map01056,85
hsa:29108,0
hsa:80835,54
hsa:353,38
hsa:51085,54
hsa:9807,37
cpd:C00162,49
hsa:3035,39
hsa:10454,66
hsa:60495,64
hsa:277,77
hsa:4040,77
hsa:5222,40
hsa:3925,87
hsa:79814,87
hsa:5745,5
hsa:84451,1
hsa:22829,22
dr:D07907,76
hsa:8202,76
hsa:27123,20
hsa:4090,16
cpd:C00547,65
hsa:5211,65
hsa:1549,50
hsa:6359,32
hsa:64080,74
hsa:483,7
hsa:9711,74
hsa:130,40
hsa:1593,15
hsa:2969,86
hsa:4502,30
hsa:1385,16
hsa:442891,85
hsa:6916,88
hsa:7350,84
hsa:55669,1
hsa:79026,63
hsa:1366,74
hsa:2771,86
hsa:905,29
hsa:442590,55
hsa:6480,50
hsa:1103,5
hsa:5802,64
hsa:6804,22
hsa:56924,54
hsa:10253,35
hsa:2668,40
hsa:4283,65
hsa:10005,20
hsa:84105,70
hsa:10542,88
hsa:653689,1
hsa:6785,74
hsa:7167,6
hsa:64208,84
hsa:55240,35
hsa:1129,34
hsa:10803,74
hsa:100507027,20
hsa:3113,77
hsa:7143,20
hsa:221,17
hsa:3595,73
hsa:3248,72
hsa:124872,76
hsa:23327,23
hsa:79726,39
hsa:3726,74
path:hsa00270,1
hsa:10156,42
hsa:991,86
hsa:1519,8
hsa:998,74
hsa:6558,39
hsa:2882,61
hsa:85465,17
hsa:8673,49
hsa:132864,1
hsa:3568,24
hsa:23729,24
hsa:5230,77
hsa:285973,77
hsa:4535,87
hsa:1812,74
hsa:7023,42
path:hsa00120,71
path:hsa00520,86
hsa:3306,76
hsa:4048,7
hsa:152,1
hsa:26275,40
hsa:2731,15
hsa:10877,54
hsa:178,58
hsa:904,54
hsa:694,61
hsa:53947,72
hsa:8611,9
hsa:10628,1
hsa:9110,74
hsa:1646,88
hsa:9138,17
hsa:58191,39
hsa:6822,38
hsa:27113,74
hsa:3800,24
